#
# There is insufficient memory for the Java Runtime Environment to continue.
# Native memory allocation (malloc) failed to allocate 1057936 bytes. Error detail: Chunk::new
# Possible reasons:
#   The system is out of physical RAM or swap space
#   This process is running with CompressedOops enabled, and the Java Heap may be blocking the growth of the native heap
# Possible solutions:
#   Reduce memory load on the system
#   Increase physical memory or swap space
#   Check if swap backing store is full
#   Decrease Java heap size (-Xmx/-Xms)
#   Decrease number of Java threads
#   Decrease Java thread stack sizes (-Xss)
#   Set larger code cache with -XX:ReservedCodeCacheSize=
#   JVM is running with Unscaled Compressed Oops mode in which the Java heap is
#     placed in the first 4GB address space. The Java Heap base address is the
#     maximum limit for the native heap growth. Please use -XX:HeapBaseMinAddress
#     to set the Java Heap base and to place the Java Heap above 4GB virtual address.
# This output file may be truncated or incomplete.
#
#  Out of Memory Error (arena.cpp:168), pid=37192, tid=17764
#
# JRE version: OpenJDK Runtime Environment Temurin-21.0.10+7 (21.0.10+7) (build 21.0.10+7-LTS)
# Java VM: OpenJDK 64-Bit Server VM Temurin-21.0.10+7 (21.0.10+7-LTS, mixed mode, sharing, tiered, compressed oops, compressed class ptrs, g1 gc, windows-amd64)
# No core dump will be written. Minidumps are not enabled by default on client versions of Windows
#

---------------  S U M M A R Y ------------

Command Line: --add-opens=java.base/java.lang=ALL-UNNAMED --add-opens=java.base/java.lang.invoke=ALL-UNNAMED --add-opens=java.base/java.util=ALL-UNNAMED --add-opens=java.prefs/java.util.prefs=ALL-UNNAMED --add-exports=jdk.compiler/com.sun.tools.javac.api=ALL-UNNAMED --add-exports=jdk.compiler/com.sun.tools.javac.util=ALL-UNNAMED --add-opens=java.base/java.util=ALL-UNNAMED --add-opens=java.prefs/java.util.prefs=ALL-UNNAMED --add-opens=java.base/java.nio.charset=ALL-UNNAMED --add-opens=java.base/java.net=ALL-UNNAMED --add-opens=java.base/java.util.concurrent=ALL-UNNAMED --add-opens=java.base/java.util.concurrent.atomic=ALL-UNNAMED --add-opens=java.xml/javax.xml.namespace=ALL-UNNAMED -XX:MaxMetaspaceSize=512m -Xmx2048m -Dfile.encoding=UTF-8 -Duser.country=ID -Duser.language=en -Duser.variant -javaagent:C:\Users\CANDRAGNAWN\.gradle\wrapper\dists\gradle-9.0.0-bin\d6wjpkvcgsg3oed0qlfss3wgl\gradle-9.0.0\lib\agents\gradle-instrumentation-agent-9.0.0.jar org.gradle.launcher.daemon.bootstrap.GradleDaemon 9.0.0

Host: 13th Gen Intel(R) Core(TM) i7-13650HX, 20 cores, 11G,  Windows 11 , 64 bit Build 26100 (10.0.26100.8328)
Time: Tue May 19 17:45:25 2026 Malay Peninsula Standard Time elapsed time: 124.070052 seconds (0d 0h 2m 4s)

---------------  T H R E A D  ---------------

Current thread (0x000002249bbb4300):  JavaThread "C2 CompilerThread0" daemon [_thread_in_native, id=17764, stack(0x000000faaf800000,0x000000faaf900000) (1024K)]


Current CompileTask:
C2:124070 24497       4       org.gradle.api.internal.artifacts.ivyservice.modulecache.InMemoryModuleMetadataCache::get (52 bytes)

Stack: [0x000000faaf800000,0x000000faaf900000]
Native frames: (J=compiled Java code, j=interpreted, Vv=VM code, C=native code)
V  [jvm.dll+0x6d7a39]
V  [jvm.dll+0x8b4b26]
V  [jvm.dll+0x8b70de]
V  [jvm.dll+0x8b77c3]
V  [jvm.dll+0x284346]
V  [jvm.dll+0xc66ed]
V  [jvm.dll+0xc6c31]
V  [jvm.dll+0x2fb29e]
V  [jvm.dll+0x5fe884]
V  [jvm.dll+0x255b17]
V  [jvm.dll+0x24e12a]
V  [jvm.dll+0x24ba42]
V  [jvm.dll+0x1cb34e]
V  [jvm.dll+0x25b85d]
V  [jvm.dll+0x259dea]
V  [jvm.dll+0x3f857e]
V  [jvm.dll+0x85f59d]
V  [jvm.dll+0x6d626d]
C  [ucrtbase.dll+0x37b0]
C  [KERNEL32.DLL+0x2e957]
C  [ntdll.dll+0x427c]


---------------  P R O C E S S  ---------------

Threads class SMR info:
_java_thread_list=0x00000224c9a86b60, length=318, elements={
0x0000022483531030, 0x000002249bba57c0, 0x000002249bba5e30, 0x000002249bba6bc0,
0x000002249bba74b0, 0x000002249bbac140, 0x000002249bbac7b0, 0x000002249bbb4300,
0x000002249bbb4ae0, 0x00000224b72f0fe0, 0x00000224b72b1f90, 0x00000224bd37de30,
0x00000224bd02c790, 0x00000224bc5531d0, 0x00000224bd228270, 0x00000224bd22ae70,
0x00000224bd23ce30, 0x00000224bd23f2f0, 0x00000224bd27a4e0, 0x00000224bd2776f0,
0x00000224bd279e50, 0x00000224bd277060, 0x00000224bd277d80, 0x00000224bd279130,
0x00000224c0455cf0, 0x00000224c0456380, 0x00000224c0456a10, 0x00000224c04542b0,
0x00000224c04570a0, 0x00000224c0454940, 0x00000224c0455660, 0x00000224c0457730,
0x00000224c0589060, 0x00000224c058b130, 0x00000224c05896f0, 0x00000224c0589d80,
0x00000224c058a410, 0x00000224c058c4e0, 0x00000224c058aaa0, 0x00000224be9ec7f0,
0x00000224be9ece80, 0x00000224be9ee230, 0x00000224be9ed510, 0x00000224be9edba0,
0x00000224be9ebad0, 0x00000224be9eef50, 0x00000224be9f2a60, 0x00000224be9efc70,
0x00000224be9f1d40, 0x00000224be9f23d0, 0x00000224be9f0990, 0x00000224be9ef5e0,
0x00000224be9f1020, 0x00000224be9f16b0, 0x00000224be9f0300, 0x00000224be9f30f0,
0x00000224bf318e10, 0x00000224bf318780, 0x00000224bf319b30, 0x00000224bf3194a0,
0x00000224bf31a1c0, 0x00000224bf31b570, 0x00000224bf3180f0, 0x00000224bf31bc00,
0x00000224bf31d640, 0x00000224bf31aee0, 0x00000224bf31dcd0, 0x00000224bf31a850,
0x00000224bf31c920, 0x00000224bf31e9f0, 0x00000224bf31f080, 0x00000224bf31c290,
0x00000224bf31f710, 0x00000224bf31cfb0, 0x00000224bf31e360, 0x00000224be508e50,
0x00000224be5094e0, 0x00000224be509b70, 0x00000224be508130, 0x00000224be50bc40,
0x00000224be50af20, 0x00000224be50a890, 0x00000224be50a200, 0x00000224be50b5b0,
0x00000224be5087c0, 0x00000224be50cff0, 0x00000224be50f750, 0x00000224be50d680,
0x00000224be50dd10, 0x00000224be50c2d0, 0x00000224be50e3a0, 0x00000224be50f0c0,
0x00000224be50ea30, 0x00000224be50c960, 0x00000224c0069840, 0x00000224c006b910,
0x00000224c006c630, 0x00000224c006bfa0, 0x00000224c006b280, 0x00000224c006ccc0,
0x00000224c006d350, 0x00000224c0069ed0, 0x00000224c006d9e0, 0x00000224c006e070,
0x00000224c006ed90, 0x00000224c10f91f0, 0x00000224c10fb950, 0x00000224c10fb2c0,
0x00000224c10f9f10, 0x00000224c10fa5a0, 0x00000224c10fbfe0, 0x00000224c10fc670,
0x00000224c006f420, 0x00000224c006fab0, 0x00000224c08f9ef0, 0x00000224c08f91d0,
0x00000224c08f9860, 0x00000224c08fa580, 0x00000224c08f7100, 0x00000224c08f7790,
0x00000224c08f7e20, 0x00000224c08f84b0, 0x00000224c08f8b40, 0x00000224be8fc290,
0x00000224be8ffda0, 0x00000224be8fd640, 0x00000224be8fc920, 0x00000224be8ff080,
0x00000224be900ac0, 0x00000224be901150, 0x00000224be8fdcd0, 0x00000224be8ff710,
0x00000224be9017e0, 0x00000224be8fe360, 0x00000224be901e70, 0x00000224be902500,
0x00000224be900430, 0x00000224be902b90, 0x00000224be903220, 0x00000224be9038b0,
0x00000224c10f5d70, 0x00000224c10f7120, 0x00000224c10f77b0, 0x00000224c10f84d0,
0x00000224c10f5050, 0x00000224c10f8b60, 0x00000224c10f9880, 0x00000224c10f6400,
0x00000224c10fac30, 0x00000224becc0ea0, 0x00000224becc1bc0, 0x00000224becc1530,
0x00000224c09b73c0, 0x00000224c09b80e0, 0x00000224c09b52f0, 0x00000224c09b5980,
0x00000224c09b66a0, 0x00000224c09b8770, 0x00000224c09b6d30, 0x00000224c09b8e00,
0x00000224c09bcfa0, 0x00000224c09b9b20, 0x00000224c09bd630, 0x00000224c09bbbf0,
0x00000224c09ba1b0, 0x00000224c09baed0, 0x00000224c09bdcc0, 0x00000224c09ba840,
0x00000224c09be350, 0x00000224c09be9e0, 0x00000224c09bb560, 0x00000224c09c24f0,
0x00000224c09c1e60, 0x00000224c09bf070, 0x00000224c09c0ab0, 0x00000224c09c17d0,
0x00000224c09c2b80, 0x00000224c09c1140, 0x00000224c09bfd90, 0x00000224c09bf700,
0x00000224c09c3210, 0x00000224c09c38a0, 0x00000224c09c0420, 0x00000224c09c3f30,
0x00000224c0278ed0, 0x00000224c027c9e0, 0x00000224c027bcc0, 0x00000224c027afa0,
0x00000224c027b630, 0x00000224c0279560, 0x00000224c027c350, 0x00000224c027a280,
0x00000224c027a910, 0x00000224c0279bf0, 0x00000224c027dd90, 0x00000224c027e420,
0x00000224c027fe60, 0x00000224c02804f0, 0x00000224c027d070, 0x00000224c027d700,
0x00000224c027f7d0, 0x00000224c0280b80, 0x00000224c0281210, 0x00000224c02818a0,
0x00000224c0281f30, 0x00000224c027eab0, 0x00000224c02825c0, 0x00000224c027f140,
0x00000224c0282c50, 0x00000224c0284d20, 0x00000224c02832e0, 0x00000224c0286df0,
0x00000224c0286760, 0x00000224c0284000, 0x00000224c0285a40, 0x00000224c0283970,
0x00000224c02853b0, 0x00000224c02860d0, 0x00000224c0287480, 0x00000224c0287b10,
0x00000224c0284690, 0x00000224c02881a0, 0x00000224becbc670, 0x00000224becbd390,
0x00000224becbb2c0, 0x00000224becbda20, 0x00000224becbcd00, 0x00000224becba5a0,
0x00000224becbe0b0, 0x00000224becbac30, 0x00000224becbe740, 0x00000224becbb950,
0x00000224becc0180, 0x00000224becbf460, 0x00000224becc0810, 0x00000224c115d610,
0x00000224c115dca0, 0x00000224c115e9c0, 0x00000224c115c260, 0x00000224c115f050,
0x00000224c115bbd0, 0x00000224c115f6e0, 0x00000224c115fd70, 0x00000224c115e330,
0x00000224c115c8f0, 0x00000224c1160400, 0x00000224c115cf80, 0x00000224c1161120,
0x00000224c11631f0, 0x00000224c1160a90, 0x00000224c11624d0, 0x00000224c11617b0,
0x00000224c1162b60, 0x00000224c1163880, 0x00000224c1163f10, 0x00000224c11645a0,
0x00000224c1164c30, 0x00000224c11652c0, 0x00000224c1161e40, 0x00000224c1168740,
0x00000224c11680b0, 0x00000224c1168dd0, 0x00000224c1165950, 0x00000224c1169460,
0x00000224c1166670, 0x00000224c1165fe0, 0x00000224c1169af0, 0x00000224c1167390,
0x00000224c116a180, 0x00000224c1167a20, 0x00000224c1166d00, 0x00000224c116a810,
0x00000224c116aea0, 0x00000224bf867f40, 0x00000224bf866500, 0x00000224bf866b90,
0x00000224bf870fa0, 0x00000224bf874ab0, 0x00000224bf873700, 0x00000224bf8678b0,
0x00000224bf867220, 0x00000224c1ad6cb0, 0x00000224c1ae79c0, 0x00000224c1aea120,
0x00000224c1ae6ca0, 0x00000224c1ae9a90, 0x00000224c1ada130, 0x00000224c1ada7c0,
0x00000224c1adae50, 0x00000224c1adb4e0, 0x00000224c1adbb70, 0x00000224c1af4bc0,
0x00000224c1af5250, 0x00000224c1af3810, 0x00000224bf868c60, 0x00000224bf865e70,
0x00000224bf86ce00, 0x00000224bf869980, 0x00000224bf86a010, 0x00000224bf86ad30,
0x00000224bf86c0e0, 0x00000224c1aee2c0, 0x00000224c1aee950, 0x00000224c1aeefe0,
0x00000224c1aebb60, 0x00000224c894e070, 0x00000224c1adc200, 0x00000224c1ad9410,
0x00000224c1adc890, 0x00000224c1adeff0, 0x00000224c1ae10c0, 0x00000224c1ae1750,
0x00000224c1ae0a30, 0x00000224c1ade960, 0x00000224c1ae3eb0, 0x00000224c1ae1de0,
0x00000224c1ae3820, 0x00000224c1ae2470
}

Java Threads: ( => current thread )
  0x0000022483531030 JavaThread "main"                              [_thread_blocked, id=28712, stack(0x000000faaea00000,0x000000faaeb00000) (1024K)]
  0x000002249bba57c0 JavaThread "Reference Handler"          daemon [_thread_blocked, id=35512, stack(0x000000faaf200000,0x000000faaf300000) (1024K)]
  0x000002249bba5e30 JavaThread "Finalizer"                  daemon [_thread_blocked, id=27556, stack(0x000000faaf300000,0x000000faaf400000) (1024K)]
  0x000002249bba6bc0 JavaThread "Signal Dispatcher"          daemon [_thread_blocked, id=4032, stack(0x000000faaf400000,0x000000faaf500000) (1024K)]
  0x000002249bba74b0 JavaThread "Attach Listener"            daemon [_thread_blocked, id=7196, stack(0x000000faaf500000,0x000000faaf600000) (1024K)]
  0x000002249bbac140 JavaThread "Service Thread"             daemon [_thread_blocked, id=30360, stack(0x000000faaf600000,0x000000faaf700000) (1024K)]
  0x000002249bbac7b0 JavaThread "Monitor Deflation Thread"   daemon [_thread_blocked, id=13516, stack(0x000000faaf700000,0x000000faaf800000) (1024K)]
=>0x000002249bbb4300 JavaThread "C2 CompilerThread0"         daemon [_thread_in_native, id=17764, stack(0x000000faaf800000,0x000000faaf900000) (1024K)]
  0x000002249bbb4ae0 JavaThread "C1 CompilerThread0"         daemon [_thread_blocked, id=28936, stack(0x000000faaf900000,0x000000faafa00000) (1024K)]
  0x00000224b72f0fe0 JavaThread "Common-Cleaner"             daemon [_thread_blocked, id=560, stack(0x000000faafc00000,0x000000faafd00000) (1024K)]
  0x00000224b72b1f90 JavaThread "Notification Thread"        daemon [_thread_blocked, id=7328, stack(0x000000faafd00000,0x000000faafe00000) (1024K)]
  0x00000224bd37de30 JavaThread "Daemon health stats"               [_thread_blocked, id=14568, stack(0x000000fab0400000,0x000000fab0500000) (1024K)]
  0x00000224bd02c790 JavaThread "Incoming local TCP Connector on port 52874"        [_thread_in_native, id=29644, stack(0x000000fab0500000,0x000000fab0600000) (1024K)]
  0x00000224bc5531d0 JavaThread "Daemon periodic checks"            [_thread_blocked, id=35584, stack(0x000000fab0600000,0x000000fab0700000) (1024K)]
  0x00000224bd228270 JavaThread "Daemon"                            [_thread_blocked, id=33944, stack(0x000000fab0700000,0x000000fab0800000) (1024K)]
  0x00000224bd22ae70 JavaThread "Handler for socket connection from /127.0.0.1:52874 to /127.0.0.1:52875"        [_thread_in_native, id=20452, stack(0x000000fab0800000,0x000000fab0900000) (1024K)]
  0x00000224bd23ce30 JavaThread "Cancel handler"                    [_thread_blocked, id=16408, stack(0x000000fab0900000,0x000000fab0a00000) (1024K)]
  0x00000224bd23f2f0 JavaThread "Daemon worker"                     [_thread_in_native, id=10880, stack(0x000000fab0a00000,0x000000fab0b00000) (1024K)]
  0x00000224bd27a4e0 JavaThread "Asynchronous log dispatcher for DefaultDaemonConnection: socket connection from /127.0.0.1:52874 to /127.0.0.1:52875"        [_thread_blocked, id=10916, stack(0x000000fab0b00000,0x000000fab0c00000) (1024K)]
  0x00000224bd2776f0 JavaThread "Stdin handler"                     [_thread_blocked, id=32272, stack(0x000000fab0c00000,0x000000fab0d00000) (1024K)]
  0x00000224bd279e50 JavaThread "Daemon client event forwarder"        [_thread_blocked, id=18980, stack(0x000000fab0d00000,0x000000fab0e00000) (1024K)]
  0x00000224bd277060 JavaThread "Cache worker for journal cache (C:\Users\CANDRAGNAWN\.gradle\caches\journal-1)"        [_thread_blocked, id=33648, stack(0x000000fab0e00000,0x000000fab0f00000) (1024K)]
  0x00000224bd277d80 JavaThread "File lock request listener"        [_thread_in_native, id=16468, stack(0x000000fab0f00000,0x000000fab1000000) (1024K)]
  0x00000224bd279130 JavaThread "Cache worker for file hash cache (C:\Users\CANDRAGNAWN\.gradle\caches\9.0.0\fileHashes)"        [_thread_blocked, id=37208, stack(0x000000faafe00000,0x000000faaff00000) (1024K)]
  0x00000224c0455cf0 JavaThread "Cache worker for file hash cache (C:\Usada Apps\FE\AwesomeProject\android\.gradle\9.0.0\fileHashes)"        [_thread_blocked, id=29204, stack(0x000000fab1e00000,0x000000fab1f00000) (1024K)]
  0x00000224c0456380 JavaThread "Cache worker for Build Output Cleanup Cache (C:\Usada Apps\FE\AwesomeProject\android\.gradle\buildOutputCleanup)"        [_thread_blocked, id=19568, stack(0x000000fab1f00000,0x000000fab2000000) (1024K)]
  0x00000224c0456a10 JavaThread "File watcher server"        daemon [_thread_in_native, id=21984, stack(0x000000fab2000000,0x000000fab2100000) (1024K)]
  0x00000224c04542b0 JavaThread "File watcher consumer"      daemon [_thread_blocked, id=20160, stack(0x000000fab2100000,0x000000fab2200000) (1024K)]
  0x00000224c04570a0 JavaThread "Cache worker for checksums cache (C:\Usada Apps\FE\AwesomeProject\android\.gradle\9.0.0\checksums)"        [_thread_blocked, id=8100, stack(0x000000fab2200000,0x000000fab2300000) (1024K)]
  0x00000224c0454940 JavaThread "Cache worker for file content cache (C:\Users\CANDRAGNAWN\.gradle\caches\9.0.0\fileContent)"        [_thread_blocked, id=22964, stack(0x000000fab2300000,0x000000fab2400000) (1024K)]
  0x00000224c0455660 JavaThread "Cache worker for cache directory md-supplier (C:\Users\CANDRAGNAWN\.gradle\caches\9.0.0\md-supplier)"        [_thread_blocked, id=37472, stack(0x000000fab2400000,0x000000fab2500000) (1024K)]
  0x00000224c0457730 JavaThread "Cache worker for cache directory md-rule (C:\Users\CANDRAGNAWN\.gradle\caches\9.0.0\md-rule)"        [_thread_blocked, id=19688, stack(0x000000fab2500000,0x000000fab2600000) (1024K)]
  0x00000224c0589060 JavaThread "jar transforms"                    [_thread_blocked, id=26200, stack(0x000000fab2600000,0x000000fab2700000) (1024K)]
  0x00000224c058b130 JavaThread "jar transforms Thread 2"           [_thread_blocked, id=12240, stack(0x000000fab2700000,0x000000fab2800000) (1024K)]
  0x00000224c05896f0 JavaThread "jar transforms Thread 3"           [_thread_blocked, id=13460, stack(0x000000fab2800000,0x000000fab2900000) (1024K)]
  0x00000224c0589d80 JavaThread "Exec process"                      [_thread_blocked, id=38724, stack(0x000000fab2900000,0x000000fab2a00000) (1024K)]
  0x00000224c058a410 JavaThread "Exec process Thread 2"             [_thread_blocked, id=12348, stack(0x000000fab2a00000,0x000000fab2b00000) (1024K)]
  0x00000224c058c4e0 JavaThread "Exec process Thread 3"             [_thread_blocked, id=25388, stack(0x000000fab2b00000,0x000000fab2c00000) (1024K)]
  0x00000224c058aaa0 JavaThread "Cache worker for Build Output Cleanup Cache (C:\Usada Apps\FE\AwesomeProject\node_modules\@react-native\gradle-plugin\.gradle\buildOutputCleanup)"        [_thread_blocked, id=23720, stack(0x000000fab2c00000,0x000000fab2d00000) (1024K)]
  0x00000224be9ec7f0 JavaThread "Unconstrained build operations"        [_thread_blocked, id=17456, stack(0x000000fab1000000,0x000000fab1100000) (1024K)]
  0x00000224be9ece80 JavaThread "Unconstrained build operations Thread 2"        [_thread_blocked, id=38432, stack(0x000000fab2d00000,0x000000fab2e00000) (1024K)]
  0x00000224be9ee230 JavaThread "Unconstrained build operations Thread 3"        [_thread_blocked, id=37268, stack(0x000000fab2f00000,0x000000fab3000000) (1024K)]
  0x00000224be9ed510 JavaThread "Unconstrained build operations Thread 4"        [_thread_blocked, id=26704, stack(0x000000fab3000000,0x000000fab3100000) (1024K)]
  0x00000224be9edba0 JavaThread "Unconstrained build operations Thread 5"        [_thread_blocked, id=1992, stack(0x000000fab3100000,0x000000fab3200000) (1024K)]
  0x00000224be9ebad0 JavaThread "Unconstrained build operations Thread 6"        [_thread_blocked, id=27800, stack(0x000000fab3200000,0x000000fab3300000) (1024K)]
  0x00000224be9eef50 JavaThread "Cache worker for Build Output Cleanup Cache (C:\Usada Apps\FE\AwesomeProject\node_modules\expo-modules-autolinking\android\expo-gradle-plugin\.gradle\buildOutputCleanup)"        [_thread_blocked, id=25348, stack(0x000000fab3300000,0x000000fab3400000) (1024K)]
  0x00000224be9f2a60 JavaThread "Unconstrained build operations Thread 7"        [_thread_blocked, id=20940, stack(0x000000fab2e00000,0x000000fab2f00000) (1024K)]
  0x00000224be9efc70 JavaThread "Unconstrained build operations Thread 8"        [_thread_blocked, id=29548, stack(0x000000fab3400000,0x000000fab3500000) (1024K)]
  0x00000224be9f1d40 JavaThread "Unconstrained build operations Thread 9"        [_thread_blocked, id=35024, stack(0x000000fab3500000,0x000000fab3600000) (1024K)]
  0x00000224be9f23d0 JavaThread "Unconstrained build operations Thread 10"        [_thread_blocked, id=23008, stack(0x000000fab3600000,0x000000fab3700000) (1024K)]
  0x00000224be9f0990 JavaThread "Unconstrained build operations Thread 11"        [_thread_blocked, id=31260, stack(0x000000fab3700000,0x000000fab3800000) (1024K)]
  0x00000224be9ef5e0 JavaThread "Unconstrained build operations Thread 12"        [_thread_blocked, id=15400, stack(0x000000fab3800000,0x000000fab3900000) (1024K)]
  0x00000224be9f1020 JavaThread "Unconstrained build operations Thread 13"        [_thread_blocked, id=38612, stack(0x000000fab3900000,0x000000fab3a00000) (1024K)]
  0x00000224be9f16b0 JavaThread "Unconstrained build operations Thread 14"        [_thread_blocked, id=15840, stack(0x000000fab3a00000,0x000000fab3b00000) (1024K)]
  0x00000224be9f0300 JavaThread "Unconstrained build operations Thread 15"        [_thread_blocked, id=24384, stack(0x000000fab3b00000,0x000000fab3c00000) (1024K)]
  0x00000224be9f30f0 JavaThread "Unconstrained build operations Thread 16"        [_thread_blocked, id=35572, stack(0x000000fab3c00000,0x000000fab3d00000) (1024K)]
  0x00000224bf318e10 JavaThread "Unconstrained build operations Thread 17"        [_thread_blocked, id=21992, stack(0x000000fab3d00000,0x000000fab3e00000) (1024K)]
  0x00000224bf318780 JavaThread "Unconstrained build operations Thread 18"        [_thread_blocked, id=35416, stack(0x000000fab3e00000,0x000000fab3f00000) (1024K)]
  0x00000224bf319b30 JavaThread "Unconstrained build operations Thread 19"        [_thread_blocked, id=35220, stack(0x000000fab3f00000,0x000000fab4000000) (1024K)]
  0x00000224bf3194a0 JavaThread "Unconstrained build operations Thread 20"        [_thread_blocked, id=36640, stack(0x000000fab4000000,0x000000fab4100000) (1024K)]
  0x00000224bf31a1c0 JavaThread "Unconstrained build operations Thread 21"        [_thread_blocked, id=37768, stack(0x000000fab4100000,0x000000fab4200000) (1024K)]
  0x00000224bf31b570 JavaThread "Unconstrained build operations Thread 22"        [_thread_blocked, id=9604, stack(0x000000fab4200000,0x000000fab4300000) (1024K)]
  0x00000224bf3180f0 JavaThread "Unconstrained build operations Thread 23"        [_thread_blocked, id=32496, stack(0x000000fab4300000,0x000000fab4400000) (1024K)]
  0x00000224bf31bc00 JavaThread "Unconstrained build operations Thread 24"        [_thread_blocked, id=35360, stack(0x000000fab4400000,0x000000fab4500000) (1024K)]
  0x00000224bf31d640 JavaThread "Unconstrained build operations Thread 25"        [_thread_blocked, id=37204, stack(0x000000fab4500000,0x000000fab4600000) (1024K)]
  0x00000224bf31aee0 JavaThread "Unconstrained build operations Thread 26"        [_thread_blocked, id=35076, stack(0x000000fab4600000,0x000000fab4700000) (1024K)]
  0x00000224bf31dcd0 JavaThread "Unconstrained build operations Thread 27"        [_thread_blocked, id=19324, stack(0x000000fab4700000,0x000000fab4800000) (1024K)]
  0x00000224bf31a850 JavaThread "Unconstrained build operations Thread 28"        [_thread_blocked, id=38424, stack(0x000000fab4800000,0x000000fab4900000) (1024K)]
  0x00000224bf31c920 JavaThread "Unconstrained build operations Thread 29"        [_thread_blocked, id=3040, stack(0x000000fab4900000,0x000000fab4a00000) (1024K)]
  0x00000224bf31e9f0 JavaThread "Unconstrained build operations Thread 30"        [_thread_blocked, id=12180, stack(0x000000fab4a00000,0x000000fab4b00000) (1024K)]
  0x00000224bf31f080 JavaThread "Unconstrained build operations Thread 31"        [_thread_blocked, id=18748, stack(0x000000fab4b00000,0x000000fab4c00000) (1024K)]
  0x00000224bf31c290 JavaThread "Unconstrained build operations Thread 32"        [_thread_blocked, id=36448, stack(0x000000fab4c00000,0x000000fab4d00000) (1024K)]
  0x00000224bf31f710 JavaThread "Unconstrained build operations Thread 33"        [_thread_blocked, id=28388, stack(0x000000fab4d00000,0x000000fab4e00000) (1024K)]
  0x00000224bf31cfb0 JavaThread "Unconstrained build operations Thread 34"        [_thread_blocked, id=6728, stack(0x000000fab4e00000,0x000000fab4f00000) (1024K)]
  0x00000224bf31e360 JavaThread "Unconstrained build operations Thread 35"        [_thread_blocked, id=6368, stack(0x000000fab4f00000,0x000000fab5000000) (1024K)]
  0x00000224be508e50 JavaThread "Unconstrained build operations Thread 36"        [_thread_blocked, id=34208, stack(0x000000fab5000000,0x000000fab5100000) (1024K)]
  0x00000224be5094e0 JavaThread "Unconstrained build operations Thread 37"        [_thread_blocked, id=35216, stack(0x000000fab5200000,0x000000fab5300000) (1024K)]
  0x00000224be509b70 JavaThread "Unconstrained build operations Thread 38"        [_thread_blocked, id=28132, stack(0x000000fab5300000,0x000000fab5400000) (1024K)]
  0x00000224be508130 JavaThread "Unconstrained build operations Thread 39"        [_thread_blocked, id=36804, stack(0x000000fab5400000,0x000000fab5500000) (1024K)]
  0x00000224be50bc40 JavaThread "Unconstrained build operations Thread 40"        [_thread_blocked, id=21660, stack(0x000000fab5500000,0x000000fab5600000) (1024K)]
  0x00000224be50af20 JavaThread "Unconstrained build operations Thread 41"        [_thread_blocked, id=25944, stack(0x000000fab5600000,0x000000fab5700000) (1024K)]
  0x00000224be50a890 JavaThread "Unconstrained build operations Thread 42"        [_thread_blocked, id=37228, stack(0x000000fab5700000,0x000000fab5800000) (1024K)]
  0x00000224be50a200 JavaThread "Unconstrained build operations Thread 43"        [_thread_blocked, id=25684, stack(0x000000fab5800000,0x000000fab5900000) (1024K)]
  0x00000224be50b5b0 JavaThread "Unconstrained build operations Thread 44"        [_thread_blocked, id=8076, stack(0x000000fab5900000,0x000000fab5a00000) (1024K)]
  0x00000224be5087c0 JavaThread "Unconstrained build operations Thread 45"        [_thread_blocked, id=26980, stack(0x000000fab5a00000,0x000000fab5b00000) (1024K)]
  0x00000224be50cff0 JavaThread "Unconstrained build operations Thread 46"        [_thread_blocked, id=26916, stack(0x000000fab5b00000,0x000000fab5c00000) (1024K)]
  0x00000224be50f750 JavaThread "Unconstrained build operations Thread 47"        [_thread_blocked, id=18620, stack(0x000000fab5c00000,0x000000fab5d00000) (1024K)]
  0x00000224be50d680 JavaThread "Unconstrained build operations Thread 48"        [_thread_blocked, id=36240, stack(0x000000fab5d00000,0x000000fab5e00000) (1024K)]
  0x00000224be50dd10 JavaThread "Unconstrained build operations Thread 49"        [_thread_blocked, id=33548, stack(0x000000fab5e00000,0x000000fab5f00000) (1024K)]
  0x00000224be50c2d0 JavaThread "Unconstrained build operations Thread 50"        [_thread_blocked, id=5024, stack(0x000000fab5f00000,0x000000fab6000000) (1024K)]
  0x00000224be50e3a0 JavaThread "Unconstrained build operations Thread 51"        [_thread_blocked, id=17852, stack(0x000000fab6000000,0x000000fab6100000) (1024K)]
  0x00000224be50f0c0 JavaThread "Unconstrained build operations Thread 52"        [_thread_blocked, id=28624, stack(0x000000fab6100000,0x000000fab6200000) (1024K)]
  0x00000224be50ea30 JavaThread "Unconstrained build operations Thread 53"        [_thread_blocked, id=34884, stack(0x000000fab6200000,0x000000fab6300000) (1024K)]
  0x00000224be50c960 JavaThread "Unconstrained build operations Thread 54"        [_thread_blocked, id=28716, stack(0x000000fab6300000,0x000000fab6400000) (1024K)]
  0x00000224c0069840 JavaThread "Unconstrained build operations Thread 55"        [_thread_blocked, id=536, stack(0x000000fab6400000,0x000000fab6500000) (1024K)]
  0x00000224c006b910 JavaThread "Unconstrained build operations Thread 56"        [_thread_blocked, id=25016, stack(0x000000fab6500000,0x000000fab6600000) (1024K)]
  0x00000224c006c630 JavaThread "Unconstrained build operations Thread 57"        [_thread_blocked, id=2468, stack(0x000000fab6600000,0x000000fab6700000) (1024K)]
  0x00000224c006bfa0 JavaThread "Unconstrained build operations Thread 58"        [_thread_blocked, id=33848, stack(0x000000fab6700000,0x000000fab6800000) (1024K)]
  0x00000224c006b280 JavaThread "Unconstrained build operations Thread 59"        [_thread_blocked, id=25296, stack(0x000000fab6800000,0x000000fab6900000) (1024K)]
  0x00000224c006ccc0 JavaThread "Unconstrained build operations Thread 60"        [_thread_blocked, id=37188, stack(0x000000fab6900000,0x000000fab6a00000) (1024K)]
  0x00000224c006d350 JavaThread "Unconstrained build operations Thread 61"        [_thread_blocked, id=18260, stack(0x000000fab6a00000,0x000000fab6b00000) (1024K)]
  0x00000224c0069ed0 JavaThread "Unconstrained build operations Thread 62"        [_thread_blocked, id=21760, stack(0x000000fab6b00000,0x000000fab6c00000) (1024K)]
  0x00000224c006d9e0 JavaThread "Unconstrained build operations Thread 63"        [_thread_blocked, id=24244, stack(0x000000fab6c00000,0x000000fab6d00000) (1024K)]
  0x00000224c006e070 JavaThread "build event listener"              [_thread_blocked, id=24908, stack(0x000000fab6e00000,0x000000fab6f00000) (1024K)]
  0x00000224c006ed90 JavaThread "Memory manager"                    [_thread_blocked, id=22920, stack(0x000000fab6f00000,0x000000fab7000000) (1024K)]
  0x00000224c10f91f0 JavaThread "Unconstrained build operations Thread 64"        [_thread_in_native, id=10768, stack(0x000000fab6d00000,0x000000fab6e00000) (1024K)]
  0x00000224c10fb950 JavaThread "Unconstrained build operations Thread 65"        [_thread_blocked, id=30956, stack(0x000000fab7000000,0x000000fab7100000) (1024K)]
  0x00000224c10fb2c0 JavaThread "Unconstrained build operations Thread 66"        [_thread_blocked, id=23280, stack(0x000000fab7100000,0x000000fab7200000) (1024K)]
  0x00000224c10f9f10 JavaThread "Unconstrained build operations Thread 67"        [_thread_blocked, id=32456, stack(0x000000fab7200000,0x000000fab7300000) (1024K)]
  0x00000224c10fa5a0 JavaThread "Unconstrained build operations Thread 68"        [_thread_blocked, id=29448, stack(0x000000fab7300000,0x000000fab7400000) (1024K)]
  0x00000224c10fbfe0 JavaThread "Unconstrained build operations Thread 69"        [_thread_blocked, id=35960, stack(0x000000fab7400000,0x000000fab7500000) (1024K)]
  0x00000224c10fc670 JavaThread "Unconstrained build operations Thread 70"        [_thread_in_native, id=27244, stack(0x000000fab7500000,0x000000fab7600000) (1024K)]
  0x00000224c006f420 JavaThread "Unconstrained build operations Thread 71"        [_thread_blocked, id=9820, stack(0x000000fab7600000,0x000000fab7700000) (1024K)]
  0x00000224c006fab0 JavaThread "Unconstrained build operations Thread 72"        [_thread_in_native, id=18132, stack(0x000000fab7700000,0x000000fab7800000) (1024K)]
  0x00000224c08f9ef0 JavaThread "Unconstrained build operations Thread 73"        [_thread_blocked, id=12556, stack(0x000000fab7800000,0x000000fab7900000) (1024K)]
  0x00000224c08f91d0 JavaThread "Unconstrained build operations Thread 74"        [_thread_blocked, id=28964, stack(0x000000fab7900000,0x000000fab7a00000) (1024K)]
  0x00000224c08f9860 JavaThread "Unconstrained build operations Thread 75"        [_thread_blocked, id=15472, stack(0x000000fab7a00000,0x000000fab7b00000) (1024K)]
  0x00000224c08fa580 JavaThread "Unconstrained build operations Thread 76"        [_thread_blocked, id=14488, stack(0x000000fab7b00000,0x000000fab7c00000) (1024K)]
  0x00000224c08f7100 JavaThread "Unconstrained build operations Thread 77"        [_thread_blocked, id=33324, stack(0x000000fab7c00000,0x000000fab7d00000) (1024K)]
  0x00000224c08f7790 JavaThread "Unconstrained build operations Thread 78"        [_thread_blocked, id=6608, stack(0x000000fab7d00000,0x000000fab7e00000) (1024K)]
  0x00000224c08f7e20 JavaThread "Unconstrained build operations Thread 79"        [_thread_blocked, id=16252, stack(0x000000fab7e00000,0x000000fab7f00000) (1024K)]
  0x00000224c08f84b0 JavaThread "Unconstrained build operations Thread 80"        [_thread_blocked, id=35328, stack(0x000000fab7f00000,0x000000fab8000000) (1024K)]
  0x00000224c08f8b40 JavaThread "Unconstrained build operations Thread 81"        [_thread_in_native, id=1456, stack(0x000000fab8000000,0x000000fab8100000) (1024K)]
  0x00000224be8fc290 JavaThread "Unconstrained build operations Thread 82"        [_thread_blocked, id=20864, stack(0x000000fab8100000,0x000000fab8200000) (1024K)]
  0x00000224be8ffda0 JavaThread "build event listener"              [_thread_blocked, id=27660, stack(0x000000fab8200000,0x000000fab8300000) (1024K)]
  0x00000224be8fd640 JavaThread "Unconstrained build operations Thread 83"        [_thread_in_native, id=30904, stack(0x000000fab8300000,0x000000fab8400000) (1024K)]
  0x00000224be8fc920 JavaThread "Unconstrained build operations Thread 84"        [_thread_blocked, id=10196, stack(0x000000fab8400000,0x000000fab8500000) (1024K)]
  0x00000224be8ff080 JavaThread "Unconstrained build operations Thread 85"        [_thread_in_native, id=22124, stack(0x000000fab8500000,0x000000fab8600000) (1024K)]
  0x00000224be900ac0 JavaThread "Unconstrained build operations Thread 86"        [_thread_blocked, id=13916, stack(0x000000fab8600000,0x000000fab8700000) (1024K)]
  0x00000224be901150 JavaThread "Unconstrained build operations Thread 87"        [_thread_blocked, id=12372, stack(0x000000fab8700000,0x000000fab8800000) (1024K)]
  0x00000224be8fdcd0 JavaThread "Unconstrained build operations Thread 88"        [_thread_in_native, id=31792, stack(0x000000fab8800000,0x000000fab8900000) (1024K)]
  0x00000224be8ff710 JavaThread "Unconstrained build operations Thread 89"        [_thread_blocked, id=37452, stack(0x000000fab8900000,0x000000fab8a00000) (1024K)]
  0x00000224be9017e0 JavaThread "Unconstrained build operations Thread 90"        [_thread_in_native, id=27728, stack(0x000000fab8a00000,0x000000fab8b00000) (1024K)]
  0x00000224be8fe360 JavaThread "Unconstrained build operations Thread 91"        [_thread_in_native, id=37892, stack(0x000000fab8b00000,0x000000fab8c00000) (1024K)]
  0x00000224be901e70 JavaThread "Unconstrained build operations Thread 92"        [_thread_blocked, id=10468, stack(0x000000fab8c00000,0x000000fab8d00000) (1024K)]
  0x00000224be902500 JavaThread "Unconstrained build operations Thread 93"        [_thread_blocked, id=36256, stack(0x000000fab8d00000,0x000000fab8e00000) (1024K)]
  0x00000224be900430 JavaThread "Unconstrained build operations Thread 94"        [_thread_in_native, id=12576, stack(0x000000fab8e00000,0x000000fab8f00000) (1024K)]
  0x00000224be902b90 JavaThread "Unconstrained build operations Thread 95"        [_thread_in_native, id=20468, stack(0x000000fab8f00000,0x000000fab9000000) (1024K)]
  0x00000224be903220 JavaThread "Unconstrained build operations Thread 96"        [_thread_in_native, id=14504, stack(0x000000fab9000000,0x000000fab9100000) (1024K)]
  0x00000224be9038b0 JavaThread "Unconstrained build operations Thread 97"        [_thread_in_native, id=35852, stack(0x000000fab9100000,0x000000fab9200000) (1024K)]
  0x00000224c10f5d70 JavaThread "Unconstrained build operations Thread 98"        [_thread_blocked, id=30880, stack(0x000000fab9200000,0x000000fab9300000) (1024K)]
  0x00000224c10f7120 JavaThread "Unconstrained build operations Thread 99"        [_thread_blocked, id=12704, stack(0x000000fab9300000,0x000000fab9400000) (1024K)]
  0x00000224c10f77b0 JavaThread "Unconstrained build operations Thread 100"        [_thread_in_native, id=30200, stack(0x000000fab9400000,0x000000fab9500000) (1024K)]
  0x00000224c10f84d0 JavaThread "Unconstrained build operations Thread 101"        [_thread_blocked, id=16600, stack(0x000000fab9500000,0x000000fab9600000) (1024K)]
  0x00000224c10f5050 JavaThread "Unconstrained build operations Thread 102"        [_thread_blocked, id=38448, stack(0x000000fab9600000,0x000000fab9700000) (1024K)]
  0x00000224c10f8b60 JavaThread "Unconstrained build operations Thread 103"        [_thread_in_native, id=3800, stack(0x000000fab9700000,0x000000fab9800000) (1024K)]
  0x00000224c10f9880 JavaThread "Unconstrained build operations Thread 104"        [_thread_in_native, id=2496, stack(0x000000fab9800000,0x000000fab9900000) (1024K)]
  0x00000224c10f6400 JavaThread "Unconstrained build operations Thread 105"        [_thread_in_native, id=33772, stack(0x000000fab9900000,0x000000fab9a00000) (1024K)]
  0x00000224c10fac30 JavaThread "Unconstrained build operations Thread 106"        [_thread_in_native, id=25328, stack(0x000000fab9a00000,0x000000fab9b00000) (1024K)]
  0x00000224becc0ea0 JavaThread "ForkJoinPool.commonPool-worker-1" daemon [_thread_blocked, id=37508, stack(0x000000fab9b00000,0x000000fab9c00000) (1024K)]
  0x00000224becc1bc0 JavaThread "ForkJoinPool.commonPool-worker-2" daemon [_thread_blocked, id=12968, stack(0x000000fab9c00000,0x000000fab9d00000) (1024K)]
  0x00000224becc1530 JavaThread "ForkJoinPool.commonPool-worker-3" daemon [_thread_blocked, id=37596, stack(0x000000fab9d00000,0x000000fab9e00000) (1024K)]
  0x00000224c09b73c0 JavaThread "ForkJoinPool.commonPool-worker-4" daemon [_thread_blocked, id=37168, stack(0x000000fab9e00000,0x000000fab9f00000) (1024K)]
  0x00000224c09b80e0 JavaThread "ForkJoinPool.commonPool-worker-5" daemon [_thread_blocked, id=23092, stack(0x000000fab9f00000,0x000000faba000000) (1024K)]
  0x00000224c09b52f0 JavaThread "ForkJoinPool.commonPool-worker-6" daemon [_thread_blocked, id=30088, stack(0x000000faba000000,0x000000faba100000) (1024K)]
  0x00000224c09b5980 JavaThread "ForkJoinPool.commonPool-worker-7" daemon [_thread_blocked, id=18100, stack(0x000000faba100000,0x000000faba200000) (1024K)]
  0x00000224c09b66a0 JavaThread "ForkJoinPool.commonPool-worker-10" daemon [_thread_blocked, id=14064, stack(0x000000faba300000,0x000000faba400000) (1024K)]
  0x00000224c09b8770 JavaThread "ForkJoinPool.commonPool-worker-9" daemon [_thread_blocked, id=12056, stack(0x000000faba400000,0x000000faba500000) (1024K)]
  0x00000224c09b6d30 JavaThread "ForkJoinPool.commonPool-worker-11" daemon [_thread_blocked, id=9384, stack(0x000000faba500000,0x000000faba600000) (1024K)]
  0x00000224c09b8e00 JavaThread "ForkJoinPool.commonPool-worker-12" daemon [_thread_blocked, id=37780, stack(0x000000faba600000,0x000000faba700000) (1024K)]
  0x00000224c09bcfa0 JavaThread "Execution worker"                  [_thread_blocked, id=12232, stack(0x000000fab0200000,0x000000fab0300000) (1024K)]
  0x00000224c09b9b20 JavaThread "Execution worker Thread 2"         [_thread_blocked, id=25456, stack(0x000000fab5100000,0x000000fab5200000) (1024K)]
  0x00000224c09bd630 JavaThread "Execution worker Thread 3"         [_thread_blocked, id=16188, stack(0x000000fabaa00000,0x000000fabab00000) (1024K)]
  0x00000224c09bbbf0 JavaThread "Execution worker Thread 4"         [_thread_blocked, id=36076, stack(0x000000fabab00000,0x000000fabac00000) (1024K)]
  0x00000224c09ba1b0 JavaThread "Execution worker Thread 5"         [_thread_blocked, id=37924, stack(0x000000fabac00000,0x000000fabad00000) (1024K)]
  0x00000224c09baed0 JavaThread "Execution worker Thread 6"         [_thread_blocked, id=37148, stack(0x000000fabad00000,0x000000fabae00000) (1024K)]
  0x00000224c09bdcc0 JavaThread "Execution worker Thread 7"         [_thread_blocked, id=1780, stack(0x000000fabae00000,0x000000fabaf00000) (1024K)]
  0x00000224c09ba840 JavaThread "Execution worker Thread 8"         [_thread_blocked, id=37748, stack(0x000000fabaf00000,0x000000fabb000000) (1024K)]
  0x00000224c09be350 JavaThread "Execution worker Thread 9"         [_thread_blocked, id=37940, stack(0x000000fabb000000,0x000000fabb100000) (1024K)]
  0x00000224c09be9e0 JavaThread "Execution worker Thread 10"        [_thread_blocked, id=24896, stack(0x000000fabb100000,0x000000fabb200000) (1024K)]
  0x00000224c09bb560 JavaThread "Execution worker Thread 11"        [_thread_blocked, id=1860, stack(0x000000fabb200000,0x000000fabb300000) (1024K)]
  0x00000224c09c24f0 JavaThread "Execution worker Thread 12"        [_thread_blocked, id=37796, stack(0x000000fabb300000,0x000000fabb400000) (1024K)]
  0x00000224c09c1e60 JavaThread "Execution worker Thread 13"        [_thread_blocked, id=28316, stack(0x000000fabb400000,0x000000fabb500000) (1024K)]
  0x00000224c09bf070 JavaThread "Execution worker Thread 14"        [_thread_blocked, id=38392, stack(0x000000fabb500000,0x000000fabb600000) (1024K)]
  0x00000224c09c0ab0 JavaThread "Execution worker Thread 15"        [_thread_blocked, id=23924, stack(0x000000fabb600000,0x000000fabb700000) (1024K)]
  0x00000224c09c17d0 JavaThread "Execution worker Thread 16"        [_thread_blocked, id=23776, stack(0x000000fabb700000,0x000000fabb800000) (1024K)]
  0x00000224c09c2b80 JavaThread "Execution worker Thread 17"        [_thread_blocked, id=36156, stack(0x000000fabb800000,0x000000fabb900000) (1024K)]
  0x00000224c09c1140 JavaThread "Execution worker Thread 18"        [_thread_blocked, id=29528, stack(0x000000fabb900000,0x000000fabba00000) (1024K)]
  0x00000224c09bfd90 JavaThread "Execution worker Thread 19"        [_thread_blocked, id=31232, stack(0x000000fabba00000,0x000000fabbb00000) (1024K)]
  0x00000224c09bf700 JavaThread "Cache worker for execution history cache (C:\Usada Apps\FE\AwesomeProject\node_modules\@react-native\gradle-plugin\.gradle\9.0.0\executionHistory)"        [_thread_blocked, id=18816, stack(0x000000fabbb00000,0x000000fabbc00000) (1024K)]
  0x00000224c09c3210 JavaThread "Cache worker for execution history cache (C:\Usada Apps\FE\AwesomeProject\node_modules\expo-modules-autolinking\android\expo-gradle-plugin\.gradle\9.0.0\executionHistory)"        [_thread_blocked, id=11928, stack(0x000000fabbc00000,0x000000fabbd00000) (1024K)]
  0x00000224c09c38a0 JavaThread "Unconstrained build operations Thread 107"        [_thread_blocked, id=14396, stack(0x000000fabc000000,0x000000fabc100000) (1024K)]
  0x00000224c09c0420 JavaThread "Unconstrained build operations Thread 108"        [_thread_blocked, id=36008, stack(0x000000fabc100000,0x000000fabc200000) (1024K)]
  0x00000224c09c3f30 JavaThread "Unconstrained build operations Thread 109"        [_thread_blocked, id=21544, stack(0x000000fabc200000,0x000000fabc300000) (1024K)]
  0x00000224c0278ed0 JavaThread "Unconstrained build operations Thread 110"        [_thread_blocked, id=38296, stack(0x000000fabc300000,0x000000fabc400000) (1024K)]
  0x00000224c027c9e0 JavaThread "Unconstrained build operations Thread 111"        [_thread_blocked, id=23168, stack(0x000000fabc400000,0x000000fabc500000) (1024K)]
  0x00000224c027bcc0 JavaThread "Unconstrained build operations Thread 112"        [_thread_blocked, id=27688, stack(0x000000fabc500000,0x000000fabc600000) (1024K)]
  0x00000224c027afa0 JavaThread "Unconstrained build operations Thread 113"        [_thread_blocked, id=7264, stack(0x000000fabc600000,0x000000fabc700000) (1024K)]
  0x00000224c027b630 JavaThread "Unconstrained build operations Thread 114"        [_thread_blocked, id=8276, stack(0x000000fabc700000,0x000000fabc800000) (1024K)]
  0x00000224c0279560 JavaThread "Unconstrained build operations Thread 115"        [_thread_blocked, id=37384, stack(0x000000fabc800000,0x000000fabc900000) (1024K)]
  0x00000224c027c350 JavaThread "Unconstrained build operations Thread 116"        [_thread_blocked, id=17128, stack(0x000000fabc900000,0x000000fabca00000) (1024K)]
  0x00000224c027a280 JavaThread "Unconstrained build operations Thread 117"        [_thread_blocked, id=30204, stack(0x000000fabca00000,0x000000fabcb00000) (1024K)]
  0x00000224c027a910 JavaThread "Unconstrained build operations Thread 118"        [_thread_blocked, id=33112, stack(0x000000fabbf00000,0x000000fabc000000) (1024K)]
  0x00000224c0279bf0 JavaThread "Unconstrained build operations Thread 119"        [_thread_blocked, id=35252, stack(0x000000fabcb00000,0x000000fabcc00000) (1024K)]
  0x00000224c027dd90 JavaThread "Unconstrained build operations Thread 120"        [_thread_blocked, id=12512, stack(0x000000fabcc00000,0x000000fabcd00000) (1024K)]
  0x00000224c027e420 JavaThread "Unconstrained build operations Thread 121"        [_thread_blocked, id=37760, stack(0x000000fabcd00000,0x000000fabce00000) (1024K)]
  0x00000224c027fe60 JavaThread "Unconstrained build operations Thread 122"        [_thread_blocked, id=26936, stack(0x000000fabce00000,0x000000fabcf00000) (1024K)]
  0x00000224c02804f0 JavaThread "Unconstrained build operations Thread 123"        [_thread_blocked, id=38636, stack(0x000000fabcf00000,0x000000fabd000000) (1024K)]
  0x00000224c027d070 JavaThread "Unconstrained build operations Thread 124"        [_thread_blocked, id=33612, stack(0x000000fabd000000,0x000000fabd100000) (1024K)]
  0x00000224c027d700 JavaThread "Unconstrained build operations Thread 125"        [_thread_blocked, id=34748, stack(0x000000fabd100000,0x000000fabd200000) (1024K)]
  0x00000224c027f7d0 JavaThread "Unconstrained build operations Thread 126"        [_thread_blocked, id=23380, stack(0x000000fabd200000,0x000000fabd300000) (1024K)]
  0x00000224c0280b80 JavaThread "Unconstrained build operations Thread 127"        [_thread_blocked, id=19448, stack(0x000000fabd300000,0x000000fabd400000) (1024K)]
  0x00000224c0281210 JavaThread "Unconstrained build operations Thread 129"        [_thread_blocked, id=30852, stack(0x000000fabd400000,0x000000fabd500000) (1024K)]
  0x00000224c02818a0 JavaThread "Unconstrained build operations Thread 128"        [_thread_blocked, id=23744, stack(0x000000fabd500000,0x000000fabd600000) (1024K)]
  0x00000224c0281f30 JavaThread "Unconstrained build operations Thread 130"        [_thread_blocked, id=37420, stack(0x000000fabd600000,0x000000fabd700000) (1024K)]
  0x00000224c027eab0 JavaThread "Unconstrained build operations Thread 131"        [_thread_in_native, id=2744, stack(0x000000fabd700000,0x000000fabd800000) (1024K)]
  0x00000224c02825c0 JavaThread "Unconstrained build operations Thread 132"        [_thread_blocked, id=31632, stack(0x000000fabd800000,0x000000fabd900000) (1024K)]
  0x00000224c027f140 JavaThread "Unconstrained build operations Thread 133"        [_thread_blocked, id=24388, stack(0x000000fabd900000,0x000000fabda00000) (1024K)]
  0x00000224c0282c50 JavaThread "Unconstrained build operations Thread 134"        [_thread_blocked, id=10184, stack(0x000000fabda00000,0x000000fabdb00000) (1024K)]
  0x00000224c0284d20 JavaThread "Unconstrained build operations Thread 135"        [_thread_blocked, id=31436, stack(0x000000fabdb00000,0x000000fabdc00000) (1024K)]
  0x00000224c02832e0 JavaThread "Unconstrained build operations Thread 136"        [_thread_blocked, id=14716, stack(0x000000fabdc00000,0x000000fabdd00000) (1024K)]
  0x00000224c0286df0 JavaThread "Unconstrained build operations Thread 137"        [_thread_blocked, id=37460, stack(0x000000fabdd00000,0x000000fabde00000) (1024K)]
  0x00000224c0286760 JavaThread "Unconstrained build operations Thread 138"        [_thread_blocked, id=38204, stack(0x000000fabde00000,0x000000fabdf00000) (1024K)]
  0x00000224c0284000 JavaThread "Unconstrained build operations Thread 139"        [_thread_blocked, id=25072, stack(0x000000fabdf00000,0x000000fabe000000) (1024K)]
  0x00000224c0285a40 JavaThread "Unconstrained build operations Thread 140"        [_thread_blocked, id=25084, stack(0x000000fabe000000,0x000000fabe100000) (1024K)]
  0x00000224c0283970 JavaThread "Unconstrained build operations Thread 141"        [_thread_blocked, id=38892, stack(0x000000fabe100000,0x000000fabe200000) (1024K)]
  0x00000224c02853b0 JavaThread "Unconstrained build operations Thread 142"        [_thread_blocked, id=30680, stack(0x000000fabe200000,0x000000fabe300000) (1024K)]
  0x00000224c02860d0 JavaThread "Unconstrained build operations Thread 143"        [_thread_blocked, id=5080, stack(0x000000fabe300000,0x000000fabe400000) (1024K)]
  0x00000224c0287480 JavaThread "Unconstrained build operations Thread 144"        [_thread_blocked, id=37300, stack(0x000000fabe400000,0x000000fabe500000) (1024K)]
  0x00000224c0287b10 JavaThread "Unconstrained build operations Thread 145"        [_thread_blocked, id=30508, stack(0x000000fabe500000,0x000000fabe600000) (1024K)]
  0x00000224c0284690 JavaThread "Unconstrained build operations Thread 146"        [_thread_blocked, id=11616, stack(0x000000fabe800000,0x000000fabe900000) (1024K)]
  0x00000224c02881a0 JavaThread "Unconstrained build operations Thread 147"        [_thread_blocked, id=7000, stack(0x000000fabe900000,0x000000fabea00000) (1024K)]
  0x00000224becbc670 JavaThread "Unconstrained build operations Thread 148"        [_thread_blocked, id=32800, stack(0x000000fabeb00000,0x000000fabec00000) (1024K)]
  0x00000224becbd390 JavaThread "Unconstrained build operations Thread 149"        [_thread_blocked, id=27276, stack(0x000000fabec00000,0x000000fabed00000) (1024K)]
  0x00000224becbb2c0 JavaThread "Unconstrained build operations Thread 150"        [_thread_blocked, id=6744, stack(0x000000fabed00000,0x000000fabee00000) (1024K)]
  0x00000224becbda20 JavaThread "Unconstrained build operations Thread 151"        [_thread_blocked, id=37620, stack(0x000000fabee00000,0x000000fabef00000) (1024K)]
  0x00000224becbcd00 JavaThread "Unconstrained build operations Thread 152"        [_thread_blocked, id=13856, stack(0x000000fabef00000,0x000000fabf000000) (1024K)]
  0x00000224becba5a0 JavaThread "Unconstrained build operations Thread 153"        [_thread_blocked, id=9868, stack(0x000000fabf000000,0x000000fabf100000) (1024K)]
  0x00000224becbe0b0 JavaThread "Unconstrained build operations Thread 154"        [_thread_blocked, id=18852, stack(0x000000fabf100000,0x000000fabf200000) (1024K)]
  0x00000224becbac30 JavaThread "Unconstrained build operations Thread 155"        [_thread_blocked, id=34684, stack(0x000000fabf200000,0x000000fabf300000) (1024K)]
  0x00000224becbe740 JavaThread "Unconstrained build operations Thread 156"        [_thread_blocked, id=35120, stack(0x000000fabf300000,0x000000fabf400000) (1024K)]
  0x00000224becbb950 JavaThread "Unconstrained build operations Thread 157"        [_thread_blocked, id=38436, stack(0x000000fabf400000,0x000000fabf500000) (1024K)]
  0x00000224becc0180 JavaThread "Unconstrained build operations Thread 158"        [_thread_blocked, id=21420, stack(0x000000fabf500000,0x000000fabf600000) (1024K)]
  0x00000224becbf460 JavaThread "Unconstrained build operations Thread 159"        [_thread_blocked, id=30256, stack(0x000000fabf600000,0x000000fabf700000) (1024K)]
  0x00000224becc0810 JavaThread "Unconstrained build operations Thread 160"        [_thread_blocked, id=35884, stack(0x000000fabf700000,0x000000fabf800000) (1024K)]
  0x00000224c115d610 JavaThread "Unconstrained build operations Thread 161"        [_thread_blocked, id=10244, stack(0x000000fabf800000,0x000000fabf900000) (1024K)]
  0x00000224c115dca0 JavaThread "Unconstrained build operations Thread 162"        [_thread_blocked, id=22476, stack(0x000000fabf900000,0x000000fabfa00000) (1024K)]
  0x00000224c115e9c0 JavaThread "Unconstrained build operations Thread 163"        [_thread_blocked, id=27352, stack(0x000000fabfa00000,0x000000fabfb00000) (1024K)]
  0x00000224c115c260 JavaThread "Unconstrained build operations Thread 164"        [_thread_blocked, id=38712, stack(0x000000fabfb00000,0x000000fabfc00000) (1024K)]
  0x00000224c115f050 JavaThread "Unconstrained build operations Thread 165"        [_thread_blocked, id=28556, stack(0x000000fabfc00000,0x000000fabfd00000) (1024K)]
  0x00000224c115bbd0 JavaThread "Unconstrained build operations Thread 166"        [_thread_blocked, id=18928, stack(0x000000fabfd00000,0x000000fabfe00000) (1024K)]
  0x00000224c115f6e0 JavaThread "Unconstrained build operations Thread 167"        [_thread_blocked, id=34128, stack(0x000000fabfe00000,0x000000fabff00000) (1024K)]
  0x00000224c115fd70 JavaThread "Unconstrained build operations Thread 168"        [_thread_blocked, id=30108, stack(0x000000fabff00000,0x000000fac0000000) (1024K)]
  0x00000224c115e330 JavaThread "Unconstrained build operations Thread 169"        [_thread_blocked, id=7976, stack(0x000000fac0000000,0x000000fac0100000) (1024K)]
  0x00000224c115c8f0 JavaThread "Unconstrained build operations Thread 170"        [_thread_blocked, id=17568, stack(0x000000fac0100000,0x000000fac0200000) (1024K)]
  0x00000224c1160400 JavaThread "Unconstrained build operations Thread 171"        [_thread_blocked, id=16112, stack(0x000000fac0200000,0x000000fac0300000) (1024K)]
  0x00000224c115cf80 JavaThread "Unconstrained build operations Thread 172"        [_thread_blocked, id=15844, stack(0x000000fac0300000,0x000000fac0400000) (1024K)]
  0x00000224c1161120 JavaThread "Unconstrained build operations Thread 173"        [_thread_blocked, id=38760, stack(0x000000fac0400000,0x000000fac0500000) (1024K)]
  0x00000224c11631f0 JavaThread "Unconstrained build operations Thread 174"        [_thread_blocked, id=1980, stack(0x000000fac0500000,0x000000fac0600000) (1024K)]
  0x00000224c1160a90 JavaThread "Unconstrained build operations Thread 175"        [_thread_blocked, id=18972, stack(0x000000fac0600000,0x000000fac0700000) (1024K)]
  0x00000224c11624d0 JavaThread "Unconstrained build operations Thread 176"        [_thread_blocked, id=11528, stack(0x000000fac0700000,0x000000fac0800000) (1024K)]
  0x00000224c11617b0 JavaThread "Unconstrained build operations Thread 177"        [_thread_blocked, id=28496, stack(0x000000fac0800000,0x000000fac0900000) (1024K)]
  0x00000224c1162b60 JavaThread "Unconstrained build operations Thread 178"        [_thread_blocked, id=38440, stack(0x000000fac0900000,0x000000fac0a00000) (1024K)]
  0x00000224c1163880 JavaThread "Unconstrained build operations Thread 179"        [_thread_blocked, id=12248, stack(0x000000fac0a00000,0x000000fac0b00000) (1024K)]
  0x00000224c1163f10 JavaThread "Unconstrained build operations Thread 180"        [_thread_blocked, id=8024, stack(0x000000fac0b00000,0x000000fac0c00000) (1024K)]
  0x00000224c11645a0 JavaThread "Unconstrained build operations Thread 181"        [_thread_blocked, id=6124, stack(0x000000fac0c00000,0x000000fac0d00000) (1024K)]
  0x00000224c1164c30 JavaThread "Unconstrained build operations Thread 182"        [_thread_blocked, id=24968, stack(0x000000fac0d00000,0x000000fac0e00000) (1024K)]
  0x00000224c11652c0 JavaThread "Unconstrained build operations Thread 183"        [_thread_blocked, id=12604, stack(0x000000fac0e00000,0x000000fac0f00000) (1024K)]
  0x00000224c1161e40 JavaThread "Unconstrained build operations Thread 184"        [_thread_blocked, id=37772, stack(0x000000fac0f00000,0x000000fac1000000) (1024K)]
  0x00000224c1168740 JavaThread "Unconstrained build operations Thread 185"        [_thread_blocked, id=27764, stack(0x000000fac1000000,0x000000fac1100000) (1024K)]
  0x00000224c11680b0 JavaThread "Unconstrained build operations Thread 186"        [_thread_blocked, id=20332, stack(0x000000fac1100000,0x000000fac1200000) (1024K)]
  0x00000224c1168dd0 JavaThread "Unconstrained build operations Thread 187"        [_thread_blocked, id=26488, stack(0x000000fac1200000,0x000000fac1300000) (1024K)]
  0x00000224c1165950 JavaThread "Unconstrained build operations Thread 188"        [_thread_blocked, id=21220, stack(0x000000fac1300000,0x000000fac1400000) (1024K)]
  0x00000224c1169460 JavaThread "Unconstrained build operations Thread 189"        [_thread_blocked, id=36768, stack(0x000000fac1400000,0x000000fac1500000) (1024K)]
  0x00000224c1166670 JavaThread "Unconstrained build operations Thread 190"        [_thread_blocked, id=35652, stack(0x000000fac1500000,0x000000fac1600000) (1024K)]
  0x00000224c1165fe0 JavaThread "Unconstrained build operations Thread 191"        [_thread_blocked, id=23968, stack(0x000000fac1600000,0x000000fac1700000) (1024K)]
  0x00000224c1169af0 JavaThread "Unconstrained build operations Thread 192"        [_thread_blocked, id=25376, stack(0x000000fac1700000,0x000000fac1800000) (1024K)]
  0x00000224c1167390 JavaThread "Unconstrained build operations Thread 193"        [_thread_blocked, id=33676, stack(0x000000fac1800000,0x000000fac1900000) (1024K)]
  0x00000224c116a180 JavaThread "Unconstrained build operations Thread 194"        [_thread_blocked, id=26468, stack(0x000000fac1900000,0x000000fac1a00000) (1024K)]
  0x00000224c1167a20 JavaThread "Unconstrained build operations Thread 195"        [_thread_blocked, id=19068, stack(0x000000fac1a00000,0x000000fac1b00000) (1024K)]
  0x00000224c1166d00 JavaThread "Unconstrained build operations Thread 196"        [_thread_blocked, id=28872, stack(0x000000fac1b00000,0x000000fac1c00000) (1024K)]
  0x00000224c116a810 JavaThread "Unconstrained build operations Thread 197"        [_thread_blocked, id=26484, stack(0x000000fac1c00000,0x000000fac1d00000) (1024K)]
  0x00000224c116aea0 JavaThread "Unconstrained build operations Thread 198"        [_thread_blocked, id=35428, stack(0x000000fac1d00000,0x000000fac1e00000) (1024K)]
  0x00000224bf867f40 JavaThread "Unconstrained build operations Thread 199"        [_thread_blocked, id=30120, stack(0x000000fac1e00000,0x000000fac1f00000) (1024K)]
  0x00000224bf866500 JavaThread "Unconstrained build operations Thread 200"        [_thread_blocked, id=25096, stack(0x000000fac1f00000,0x000000fac2000000) (1024K)]
  0x00000224bf866b90 JavaThread "jar transforms Thread 4"           [_thread_blocked, id=28540, stack(0x000000fabbd00000,0x000000fabbe00000) (1024K)]
  0x00000224bf870fa0 JavaThread "Cache worker for Build Output Cleanup Cache (C:\Usada Apps\FE\AwesomeProject\node_modules\expo-dev-launcher\expo-dev-launcher-gradle-plugin\.gradle\buildOutputCleanup)"        [_thread_blocked, id=30372, stack(0x000000fac2100000,0x000000fac2200000) (1024K)]
  0x00000224bf874ab0 JavaThread "Cache worker for Build Output Cleanup Cache (C:\Usada Apps\FE\AwesomeProject\node_modules\expo\node_modules\expo-modules-core\expo-module-gradle-plugin\.gradle\buildOutputCleanup)"        [_thread_blocked, id=37220, stack(0x000000fac2200000,0x000000fac2300000) (1024K)]
  0x00000224bf873700 JavaThread "Cache worker for Build Output Cleanup Cache (C:\Usada Apps\FE\AwesomeProject\node_modules\expo-updates\expo-updates-gradle-plugin\.gradle\buildOutputCleanup)"        [_thread_blocked, id=26248, stack(0x000000fac2400000,0x000000fac2500000) (1024K)]
  0x00000224bf8678b0 JavaThread "build event listener"              [_thread_blocked, id=5488, stack(0x000000fac2300000,0x000000fac2400000) (1024K)]
  0x00000224bf867220 JavaThread "build event listener"              [_thread_blocked, id=34300, stack(0x000000faae700000,0x000000faae800000) (1024K)]
  0x00000224c1ad6cb0 JavaThread "build event listener"              [_thread_blocked, id=37868, stack(0x000000fac2000000,0x000000fac2100000) (1024K)]
  0x00000224c1ae79c0 JavaThread "jar transforms Thread 5"           [_thread_blocked, id=6372, stack(0x000000fabea00000,0x000000fabeb00000) (1024K)]
  0x00000224c1aea120 JavaThread "Cache worker for execution history cache (C:\Usada Apps\FE\AwesomeProject\node_modules\expo-updates\expo-updates-gradle-plugin\.gradle\9.0.0\executionHistory)"        [_thread_blocked, id=30648, stack(0x000000fac2800000,0x000000fac2900000) (1024K)]
  0x00000224c1ae6ca0 JavaThread "Cache worker for execution history cache (C:\Usada Apps\FE\AwesomeProject\node_modules\expo-dev-launcher\expo-dev-launcher-gradle-plugin\.gradle\9.0.0\executionHistory)"        [_thread_blocked, id=38368, stack(0x000000fac2900000,0x000000fac2a00000) (1024K)]
  0x00000224c1ae9a90 JavaThread "Cache worker for execution history cache (C:\Usada Apps\FE\AwesomeProject\node_modules\expo\node_modules\expo-modules-core\expo-module-gradle-plugin\.gradle\9.0.0\executionHistory)"        [_thread_blocked, id=34412, stack(0x000000fac2a00000,0x000000fac2b00000) (1024K)]
  0x00000224c1ada130 JavaThread "WorkerExecutor Queue"              [_thread_blocked, id=20656, stack(0x000000fac2e00000,0x000000fac2f00000) (1024K)]
  0x00000224c1ada7c0 JavaThread "WorkerExecutor Queue Thread 2"        [_thread_blocked, id=4252, stack(0x000000fac2f00000,0x000000fac3000000) (1024K)]
  0x00000224c1adae50 JavaThread "WorkerExecutor Queue Thread 3"        [_thread_blocked, id=27980, stack(0x000000fac3000000,0x000000fac3100000) (1024K)]
  0x00000224c1adb4e0 JavaThread "WorkerExecutor Queue Thread 4"        [_thread_blocked, id=38880, stack(0x000000fac3100000,0x000000fac3200000) (1024K)]
  0x00000224c1adbb70 JavaThread "WorkerExecutor Queue Thread 5"        [_thread_blocked, id=37720, stack(0x000000fac3200000,0x000000fac3300000) (1024K)]
  0x00000224c1af4bc0 JavaThread "RMI Scheduler(0)"           daemon [_thread_blocked, id=5632, stack(0x000000fac2b00000,0x000000fac2c00000) (1024K)]
  0x00000224c1af5250 JavaThread "RMI GC Daemon"              daemon [_thread_blocked, id=20980, stack(0x000000fac3500000,0x000000fac3600000) (1024K)]
  0x00000224c1af3810 JavaThread "RMI TCP Accept-0"           daemon [_thread_in_native, id=37680, stack(0x000000fac3700000,0x000000fac3800000) (1024K)]
  0x00000224bf868c60 JavaThread "RMI Reaper"                        [_thread_blocked, id=1668, stack(0x000000fac3800000,0x000000fac3900000) (1024K)]
  0x00000224bf865e70 JavaThread "RMI TCP Connection(idle)"   daemon [_thread_blocked, id=11028, stack(0x000000fac3d00000,0x000000fac3e00000) (1024K)]
  0x00000224bf86ce00 JavaThread "RMI TCP Connection(idle)"   daemon [_thread_blocked, id=11384, stack(0x000000fac3e00000,0x000000fac3f00000) (1024K)]
  0x00000224bf869980 JavaThread "RMI TCP Connection(idle)"   daemon [_thread_blocked, id=31404, stack(0x000000fac3f00000,0x000000fac4000000) (1024K)]
  0x00000224bf86a010 JavaThread "RMI TCP Connection(idle)"   daemon [_thread_blocked, id=18956, stack(0x000000fac4000000,0x000000fac4100000) (1024K)]
  0x00000224bf86ad30 JavaThread "RMI TCP Accept-0"           daemon [_thread_in_native, id=29556, stack(0x000000fac3a00000,0x000000fac3b00000) (1024K)]
  0x00000224bf86c0e0 JavaThread "RMI TCP Connection(idle)"   daemon [_thread_blocked, id=11576, stack(0x000000fac3b00000,0x000000fac3c00000) (1024K)]
  0x00000224c1aee2c0 JavaThread "jar transforms Thread 6"           [_thread_blocked, id=26504, stack(0x000000faae800000,0x000000faae900000) (1024K)]
  0x00000224c1aee950 JavaThread "Problems report writer"            [_thread_blocked, id=13556, stack(0x000000faae900000,0x000000faaea00000) (1024K)]
  0x00000224c1aeefe0 JavaThread "jar transforms Thread 7"           [_thread_blocked, id=12244, stack(0x000000fac2c00000,0x000000fac2d00000) (1024K)]
  0x00000224c1aebb60 JavaThread "jar transforms Thread 8"           [_thread_blocked, id=1160, stack(0x000000fac2d00000,0x000000fac2e00000) (1024K)]
  0x00000224c894e070 JavaThread "build event listener"              [_thread_blocked, id=35752, stack(0x000000fac3900000,0x000000fac3a00000) (1024K)]
  0x00000224c1adc200 JavaThread "jar transforms Thread 9"           [_thread_blocked, id=21968, stack(0x000000fac3c00000,0x000000fac3d00000) (1024K)]
  0x00000224c1ad9410 JavaThread "jar transforms Thread 10"          [_thread_blocked, id=27212, stack(0x000000fac4100000,0x000000fac4200000) (1024K)]
  0x00000224c1adc890 JavaThread "jar transforms Thread 11"          [_thread_blocked, id=34484, stack(0x000000fac4200000,0x000000fac4300000) (1024K)]
  0x00000224c1adeff0 JavaThread "jar transforms Thread 12"          [_thread_blocked, id=34052, stack(0x000000fac4300000,0x000000fac4400000) (1024K)]
  0x00000224c1ae10c0 JavaThread "jar transforms Thread 13"          [_thread_blocked, id=36840, stack(0x000000fac4400000,0x000000fac4500000) (1024K)]
  0x00000224c1ae1750 JavaThread "jar transforms Thread 14"          [_thread_blocked, id=26904, stack(0x000000fac4500000,0x000000fac4600000) (1024K)]
  0x00000224c1ae0a30 JavaThread "jar transforms Thread 15"          [_thread_blocked, id=34292, stack(0x000000fac4600000,0x000000fac4700000) (1024K)]
  0x00000224c1ade960 JavaThread "jar transforms Thread 16"          [_thread_blocked, id=24176, stack(0x000000fac4700000,0x000000fac4800000) (1024K)]
  0x00000224c1ae3eb0 JavaThread "jar transforms Thread 17"          [_thread_blocked, id=15972, stack(0x000000fac4800000,0x000000fac4900000) (1024K)]
  0x00000224c1ae1de0 JavaThread "jar transforms Thread 18"          [_thread_blocked, id=14240, stack(0x000000fac4900000,0x000000fac4a00000) (1024K)]
  0x00000224c1ae3820 JavaThread "jar transforms Thread 19"          [_thread_blocked, id=12276, stack(0x000000fac4a00000,0x000000fac4b00000) (1024K)]
  0x00000224c1ae2470 JavaThread "jar transforms Thread 20"          [_thread_blocked, id=11876, stack(0x000000fac4b00000,0x000000fac4c00000) (1024K)]
Total: 318

Other Threads:
  0x000002249bb86680 VMThread "VM Thread"                           [id=33012, stack(0x000000faaf100000,0x000000faaf200000) (1024K)]
  0x000002249bb78b00 WatcherThread "VM Periodic Task Thread"        [id=11096, stack(0x000000faaf000000,0x000000faaf100000) (1024K)]
  0x000002248358bfc0 WorkerThread "GC Thread#0"                     [id=35224, stack(0x000000faaeb00000,0x000000faaec00000) (1024K)]
  0x00000224b750bbe0 WorkerThread "GC Thread#1"                     [id=37688, stack(0x000000faaff00000,0x000000fab0000000) (1024K)]
  0x00000224b750c3a0 WorkerThread "GC Thread#2"                     [id=34580, stack(0x000000fab0000000,0x000000fab0100000) (1024K)]
  0x00000224b756e9f0 WorkerThread "GC Thread#3"                     [id=18492, stack(0x000000fab0100000,0x000000fab0200000) (1024K)]
  0x00000224bc4e7180 WorkerThread "GC Thread#4"                     [id=30292, stack(0x000000fab0300000,0x000000fab0400000) (1024K)]
  0x00000224bf3c7660 WorkerThread "GC Thread#5"                     [id=32260, stack(0x000000fab1100000,0x000000fab1200000) (1024K)]
  0x00000224bf3c7a10 WorkerThread "GC Thread#6"                     [id=37744, stack(0x000000fab1200000,0x000000fab1300000) (1024K)]
  0x00000224bf1dc1b0 WorkerThread "GC Thread#7"                     [id=1136, stack(0x000000fab1300000,0x000000fab1400000) (1024K)]
  0x00000224bf1dc560 WorkerThread "GC Thread#8"                     [id=1568, stack(0x000000fab1400000,0x000000fab1500000) (1024K)]
  0x00000224bf12cbe0 WorkerThread "GC Thread#9"                     [id=19856, stack(0x000000fab1500000,0x000000fab1600000) (1024K)]
  0x00000224bf12cf90 WorkerThread "GC Thread#10"                    [id=18144, stack(0x000000fab1600000,0x000000fab1700000) (1024K)]
  0x00000224beaa3aa0 WorkerThread "GC Thread#11"                    [id=4860, stack(0x000000fab1700000,0x000000fab1800000) (1024K)]
  0x00000224beaa3340 WorkerThread "GC Thread#12"                    [id=18560, stack(0x000000fab1800000,0x000000fab1900000) (1024K)]
  0x00000224beaa2f90 WorkerThread "GC Thread#13"                    [id=25152, stack(0x000000fab1900000,0x000000fab1a00000) (1024K)]
  0x00000224beaa3e50 WorkerThread "GC Thread#14"                    [id=31932, stack(0x000000fab1a00000,0x000000fab1b00000) (1024K)]
  0x000002248359cec0 ConcurrentGCThread "G1 Main Marker"            [id=31508, stack(0x000000faaec00000,0x000000faaed00000) (1024K)]
  0x000002248359fe20 WorkerThread "G1 Conc#0"                       [id=36776, stack(0x000000faaed00000,0x000000faaee00000) (1024K)]
  0x00000224bd76dda0 WorkerThread "G1 Conc#1"                       [id=37320, stack(0x000000fab1b00000,0x000000fab1c00000) (1024K)]
  0x00000224bd76cb30 WorkerThread "G1 Conc#2"                       [id=32748, stack(0x000000fab1c00000,0x000000fab1d00000) (1024K)]
  0x00000224bd76c780 WorkerThread "G1 Conc#3"                       [id=36868, stack(0x000000fab1d00000,0x000000fab1e00000) (1024K)]
  0x000002249babea50 ConcurrentGCThread "G1 Refine#0"               [id=38672, stack(0x000000faaee00000,0x000000faaef00000) (1024K)]
  0x000002249babee90 ConcurrentGCThread "G1 Service"                [id=34312, stack(0x000000faaef00000,0x000000faaf000000) (1024K)]
Total: 24

Threads with active compile tasks:
C2 CompilerThread0  124112 24497       4       org.gradle.api.internal.artifacts.ivyservice.modulecache.InMemoryModuleMetadataCache::get (52 bytes)
Total: 1

VM state: not at safepoint (normal execution)

VM Mutex/Monitor currently owned by a thread: None

Heap address: 0x0000000080000000, size: 2048 MB, Compressed Oops mode: 32-bit

CDS archive(s) mapped at: [0x000002249c000000-0x000002249cba0000-0x000002249cba0000), size 12189696, SharedBaseAddress: 0x000002249c000000, ArchiveRelocationMode: 1.
Compressed class space mapped at: 0x000002249d000000-0x00000224b7000000, reserved size: 436207616
Narrow klass base: 0x000002249c000000, Narrow klass shift: 0, Narrow klass range: 0x100000000

GC Precious Log:
 CardTable entry size: 512
 Card Set container configuration: InlinePtr #cards 5 size 8 Array Of Cards #cards 12 size 40 Howl #buckets 4 coarsen threshold 1843 Howl Bitmap #cards 512 size 80 coarsen threshold 460 Card regions per heap region 1 cards per card region 2048
 CPUs: 20 total, 20 available
 Memory: 11995M
 Large Page Support: Disabled
 NUMA Support: Disabled
 Compressed Oops: Enabled (32-bit)
 Heap Region Size: 1M
 Heap Min Capacity: 8M
 Heap Initial Capacity: 188M
 Heap Max Capacity: 2G
 Pre-touch: Disabled
 Parallel Workers: 15
 Concurrent Workers: 4
 Concurrent Refinement Workers: 15
 Periodic GC: Disabled

Heap:
 garbage-first heap   total 529408K, used 396964K [0x0000000080000000, 0x0000000100000000)
  region size 1024K, 77 young (78848K), 5 survivors (5120K)
 Metaspace       used 146527K, committed 150464K, reserved 557056K
  class space    used 20820K, committed 22720K, reserved 425984K

Heap Regions: E=young(eden), S=young(survivor), O=old, HS=humongous(starts), HC=humongous(continues), CS=collection set, F=free, TAMS=top-at-mark-start, PB=parsable bottom
|   0|0x0000000080000000, 0x0000000080100000, 0x0000000080100000|100%|HS|  |TAMS 0x0000000080000000| PB 0x0000000080000000| Complete 
|   1|0x0000000080100000, 0x0000000080200000, 0x0000000080200000|100%|HC|  |TAMS 0x0000000080100000| PB 0x0000000080100000| Complete 
|   2|0x0000000080200000, 0x0000000080300000, 0x0000000080300000|100%|HC|  |TAMS 0x0000000080200000| PB 0x0000000080200000| Complete 
|   3|0x0000000080300000, 0x0000000080400000, 0x0000000080400000|100%| O|  |TAMS 0x0000000080300000| PB 0x0000000080300000| Untracked 
|   4|0x0000000080400000, 0x0000000080500000, 0x0000000080500000|100%| O|  |TAMS 0x0000000080400000| PB 0x0000000080400000| Untracked 
|   5|0x0000000080500000, 0x0000000080600000, 0x0000000080600000|100%| O|  |TAMS 0x0000000080500000| PB 0x0000000080500000| Untracked 
|   6|0x0000000080600000, 0x0000000080700000, 0x0000000080700000|100%|HS|  |TAMS 0x0000000080600000| PB 0x0000000080600000| Complete 
|   7|0x0000000080700000, 0x0000000080800000, 0x0000000080800000|100%| O|  |TAMS 0x0000000080700000| PB 0x0000000080700000| Untracked 
|   8|0x0000000080800000, 0x0000000080900000, 0x0000000080900000|100%| O|  |TAMS 0x0000000080800000| PB 0x0000000080800000| Untracked 
|   9|0x0000000080900000, 0x0000000080a00000, 0x0000000080a00000|100%| O|  |TAMS 0x0000000080900000| PB 0x0000000080900000| Untracked 
|  10|0x0000000080a00000, 0x0000000080b00000, 0x0000000080b00000|100%| O|  |TAMS 0x0000000080a00000| PB 0x0000000080a00000| Untracked 
|  11|0x0000000080b00000, 0x0000000080c00000, 0x0000000080c00000|100%| O|  |TAMS 0x0000000080b00000| PB 0x0000000080b00000| Untracked 
|  12|0x0000000080c00000, 0x0000000080d00000, 0x0000000080d00000|100%| O|  |TAMS 0x0000000080c00000| PB 0x0000000080c00000| Untracked 
|  13|0x0000000080d00000, 0x0000000080dffff8, 0x0000000080e00000| 99%| O|  |TAMS 0x0000000080d00000| PB 0x0000000080d00000| Untracked 
|  14|0x0000000080e00000, 0x0000000080f00000, 0x0000000080f00000|100%| O|  |TAMS 0x0000000080e00000| PB 0x0000000080e00000| Untracked 
|  15|0x0000000080f00000, 0x0000000081000000, 0x0000000081000000|100%| O|  |TAMS 0x0000000080f00000| PB 0x0000000080f00000| Untracked 
|  16|0x0000000081000000, 0x0000000081100000, 0x0000000081100000|100%| O|  |TAMS 0x0000000081000000| PB 0x0000000081000000| Untracked 
|  17|0x0000000081100000, 0x0000000081200000, 0x0000000081200000|100%| O|  |TAMS 0x0000000081100000| PB 0x0000000081100000| Untracked 
|  18|0x0000000081200000, 0x0000000081300000, 0x0000000081300000|100%| O|  |TAMS 0x0000000081200000| PB 0x0000000081200000| Untracked 
|  19|0x0000000081300000, 0x0000000081400000, 0x0000000081400000|100%| O|  |TAMS 0x0000000081300000| PB 0x0000000081300000| Untracked 
|  20|0x0000000081400000, 0x0000000081500000, 0x0000000081500000|100%| O|  |TAMS 0x0000000081400000| PB 0x0000000081400000| Untracked 
|  21|0x0000000081500000, 0x0000000081600000, 0x0000000081600000|100%| O|  |TAMS 0x0000000081500000| PB 0x0000000081500000| Untracked 
|  22|0x0000000081600000, 0x00000000816ea900, 0x0000000081700000| 91%| O|  |TAMS 0x0000000081600000| PB 0x0000000081600000| Untracked 
|  23|0x0000000081700000, 0x0000000081800000, 0x0000000081800000|100%| O|  |TAMS 0x0000000081700000| PB 0x0000000081700000| Untracked 
|  24|0x0000000081800000, 0x0000000081900000, 0x0000000081900000|100%| O|  |TAMS 0x0000000081800000| PB 0x0000000081800000| Untracked 
|  25|0x0000000081900000, 0x0000000081a00000, 0x0000000081a00000|100%| O|  |TAMS 0x0000000081900000| PB 0x0000000081900000| Untracked 
|  26|0x0000000081a00000, 0x0000000081b00000, 0x0000000081b00000|100%| O|  |TAMS 0x0000000081a00000| PB 0x0000000081a00000| Untracked 
|  27|0x0000000081b00000, 0x0000000081c00000, 0x0000000081c00000|100%| O|  |TAMS 0x0000000081b00000| PB 0x0000000081b00000| Untracked 
|  28|0x0000000081c00000, 0x0000000081d00000, 0x0000000081d00000|100%| O|  |TAMS 0x0000000081c00000| PB 0x0000000081c00000| Untracked 
|  29|0x0000000081d00000, 0x0000000081e00000, 0x0000000081e00000|100%| O|  |TAMS 0x0000000081d00000| PB 0x0000000081d00000| Untracked 
|  30|0x0000000081e00000, 0x0000000081f00000, 0x0000000081f00000|100%| O|  |TAMS 0x0000000081e00000| PB 0x0000000081e00000| Untracked 
|  31|0x0000000081f00000, 0x0000000082000000, 0x0000000082000000|100%| O|  |TAMS 0x0000000081f00000| PB 0x0000000081f00000| Untracked 
|  32|0x0000000082000000, 0x0000000082100000, 0x0000000082100000|100%| O|  |TAMS 0x0000000082000000| PB 0x0000000082000000| Untracked 
|  33|0x0000000082100000, 0x0000000082200000, 0x0000000082200000|100%| O|  |TAMS 0x0000000082100000| PB 0x0000000082100000| Untracked 
|  34|0x0000000082200000, 0x0000000082300000, 0x0000000082300000|100%| O|  |TAMS 0x0000000082200000| PB 0x0000000082200000| Untracked 
|  35|0x0000000082300000, 0x0000000082400000, 0x0000000082400000|100%| O|  |TAMS 0x0000000082300000| PB 0x0000000082300000| Untracked 
|  36|0x0000000082400000, 0x0000000082500000, 0x0000000082500000|100%| O|  |TAMS 0x0000000082400000| PB 0x0000000082400000| Untracked 
|  37|0x0000000082500000, 0x0000000082600000, 0x0000000082600000|100%| O|  |TAMS 0x0000000082500000| PB 0x0000000082500000| Untracked 
|  38|0x0000000082600000, 0x0000000082700000, 0x0000000082700000|100%| O|  |TAMS 0x0000000082600000| PB 0x0000000082600000| Untracked 
|  39|0x0000000082700000, 0x0000000082800000, 0x0000000082800000|100%| O|  |TAMS 0x0000000082700000| PB 0x0000000082700000| Untracked 
|  40|0x0000000082800000, 0x0000000082900000, 0x0000000082900000|100%| O|  |TAMS 0x0000000082800000| PB 0x0000000082800000| Untracked 
|  41|0x0000000082900000, 0x0000000082a00000, 0x0000000082a00000|100%| O|  |TAMS 0x0000000082900000| PB 0x0000000082900000| Untracked 
|  42|0x0000000082a00000, 0x0000000082b00000, 0x0000000082b00000|100%| O|  |TAMS 0x0000000082a00000| PB 0x0000000082a00000| Untracked 
|  43|0x0000000082b00000, 0x0000000082c00000, 0x0000000082c00000|100%| O|  |TAMS 0x0000000082b00000| PB 0x0000000082b00000| Untracked 
|  44|0x0000000082c00000, 0x0000000082d00000, 0x0000000082d00000|100%| O|  |TAMS 0x0000000082c00000| PB 0x0000000082c00000| Untracked 
|  45|0x0000000082d00000, 0x0000000082e00000, 0x0000000082e00000|100%| O|  |TAMS 0x0000000082d00000| PB 0x0000000082d00000| Untracked 
|  46|0x0000000082e00000, 0x0000000082f00000, 0x0000000082f00000|100%| O|  |TAMS 0x0000000082e00000| PB 0x0000000082e00000| Untracked 
|  47|0x0000000082f00000, 0x0000000083000000, 0x0000000083000000|100%| O|  |TAMS 0x0000000082f00000| PB 0x0000000082f00000| Untracked 
|  48|0x0000000083000000, 0x0000000083100000, 0x0000000083100000|100%| O|  |TAMS 0x0000000083000000| PB 0x0000000083000000| Untracked 
|  49|0x0000000083100000, 0x0000000083200000, 0x0000000083200000|100%| O|  |TAMS 0x0000000083100000| PB 0x0000000083100000| Untracked 
|  50|0x0000000083200000, 0x0000000083300000, 0x0000000083300000|100%| O|  |TAMS 0x0000000083200000| PB 0x0000000083200000| Untracked 
|  51|0x0000000083300000, 0x0000000083400000, 0x0000000083400000|100%| O|  |TAMS 0x0000000083300000| PB 0x0000000083300000| Untracked 
|  52|0x0000000083400000, 0x0000000083500000, 0x0000000083500000|100%|HS|  |TAMS 0x0000000083400000| PB 0x0000000083400000| Complete 
|  53|0x0000000083500000, 0x0000000083600000, 0x0000000083600000|100%|HC|  |TAMS 0x0000000083500000| PB 0x0000000083500000| Complete 
|  54|0x0000000083600000, 0x0000000083700000, 0x0000000083700000|100%|HC|  |TAMS 0x0000000083600000| PB 0x0000000083600000| Complete 
|  55|0x0000000083700000, 0x0000000083800000, 0x0000000083800000|100%|HS|  |TAMS 0x0000000083700000| PB 0x0000000083700000| Complete 
|  56|0x0000000083800000, 0x0000000083900000, 0x0000000083900000|100%|HC|  |TAMS 0x0000000083800000| PB 0x0000000083800000| Complete 
|  57|0x0000000083900000, 0x0000000083a00000, 0x0000000083a00000|100%|HC|  |TAMS 0x0000000083900000| PB 0x0000000083900000| Complete 
|  58|0x0000000083a00000, 0x0000000083b00000, 0x0000000083b00000|100%| O|  |TAMS 0x0000000083a00000| PB 0x0000000083a00000| Untracked 
|  59|0x0000000083b00000, 0x0000000083c00000, 0x0000000083c00000|100%| O|  |TAMS 0x0000000083b00000| PB 0x0000000083b00000| Untracked 
|  60|0x0000000083c00000, 0x0000000083d00000, 0x0000000083d00000|100%| O|  |TAMS 0x0000000083c00000| PB 0x0000000083c00000| Untracked 
|  61|0x0000000083d00000, 0x0000000083e00000, 0x0000000083e00000|100%| O|  |TAMS 0x0000000083d00000| PB 0x0000000083d00000| Untracked 
|  62|0x0000000083e00000, 0x0000000083f00000, 0x0000000083f00000|100%| O|  |TAMS 0x0000000083e00000| PB 0x0000000083e00000| Untracked 
|  63|0x0000000083f00000, 0x0000000084000000, 0x0000000084000000|100%| O|  |TAMS 0x0000000083f00000| PB 0x0000000083f00000| Untracked 
|  64|0x0000000084000000, 0x0000000084100000, 0x0000000084100000|100%| O|  |TAMS 0x0000000084000000| PB 0x0000000084000000| Untracked 
|  65|0x0000000084100000, 0x0000000084200000, 0x0000000084200000|100%|HS|  |TAMS 0x0000000084100000| PB 0x0000000084100000| Complete 
|  66|0x0000000084200000, 0x0000000084300000, 0x0000000084300000|100%| O|  |TAMS 0x0000000084200000| PB 0x0000000084200000| Untracked 
|  67|0x0000000084300000, 0x0000000084400000, 0x0000000084400000|100%| O|Cm|TAMS 0x0000000084300000| PB 0x0000000084300000| Complete 
|  68|0x0000000084400000, 0x0000000084500000, 0x0000000084500000|100%|HS|  |TAMS 0x0000000084400000| PB 0x0000000084400000| Complete 
|  69|0x0000000084500000, 0x0000000084600000, 0x0000000084600000|100%| O|  |TAMS 0x0000000084500000| PB 0x0000000084500000| Untracked 
|  70|0x0000000084600000, 0x0000000084700000, 0x0000000084700000|100%| O|  |TAMS 0x0000000084600000| PB 0x0000000084600000| Untracked 
|  71|0x0000000084700000, 0x0000000084800000, 0x0000000084800000|100%| O|  |TAMS 0x0000000084700000| PB 0x0000000084700000| Untracked 
|  72|0x0000000084800000, 0x0000000084900000, 0x0000000084900000|100%| O|  |TAMS 0x0000000084800000| PB 0x0000000084800000| Untracked 
|  73|0x0000000084900000, 0x0000000084a00000, 0x0000000084a00000|100%| O|  |TAMS 0x0000000084900000| PB 0x0000000084900000| Untracked 
|  74|0x0000000084a00000, 0x0000000084b00000, 0x0000000084b00000|100%| O|  |TAMS 0x0000000084a00000| PB 0x0000000084a00000| Untracked 
|  75|0x0000000084b00000, 0x0000000084c00000, 0x0000000084c00000|100%| O|  |TAMS 0x0000000084b00000| PB 0x0000000084b00000| Untracked 
|  76|0x0000000084c00000, 0x0000000084d00000, 0x0000000084d00000|100%| O|  |TAMS 0x0000000084c00000| PB 0x0000000084c00000| Untracked 
|  77|0x0000000084d00000, 0x0000000084e00000, 0x0000000084e00000|100%| O|  |TAMS 0x0000000084d00000| PB 0x0000000084d00000| Untracked 
|  78|0x0000000084e00000, 0x0000000084f00000, 0x0000000084f00000|100%| O|Cm|TAMS 0x0000000084e00000| PB 0x0000000084e00000| Complete 
|  79|0x0000000084f00000, 0x0000000085000000, 0x0000000085000000|100%| O|  |TAMS 0x0000000084f00000| PB 0x0000000084f00000| Untracked 
|  80|0x0000000085000000, 0x0000000085100000, 0x0000000085100000|100%| O|  |TAMS 0x0000000085000000| PB 0x0000000085000000| Untracked 
|  81|0x0000000085100000, 0x0000000085200000, 0x0000000085200000|100%| O|  |TAMS 0x0000000085100000| PB 0x0000000085100000| Untracked 
|  82|0x0000000085200000, 0x0000000085300000, 0x0000000085300000|100%| O|  |TAMS 0x0000000085200000| PB 0x0000000085200000| Untracked 
|  83|0x0000000085300000, 0x0000000085400000, 0x0000000085400000|100%| O|  |TAMS 0x0000000085300000| PB 0x0000000085300000| Untracked 
|  84|0x0000000085400000, 0x0000000085500000, 0x0000000085500000|100%| O|  |TAMS 0x0000000085400000| PB 0x0000000085400000| Untracked 
|  85|0x0000000085500000, 0x0000000085600000, 0x0000000085600000|100%| O|  |TAMS 0x0000000085500000| PB 0x0000000085500000| Untracked 
|  86|0x0000000085600000, 0x0000000085700000, 0x0000000085700000|100%| O|  |TAMS 0x0000000085600000| PB 0x0000000085600000| Untracked 
|  87|0x0000000085700000, 0x0000000085800000, 0x0000000085800000|100%|HS|  |TAMS 0x0000000085700000| PB 0x0000000085700000| Complete 
|  88|0x0000000085800000, 0x0000000085900000, 0x0000000085900000|100%|HC|  |TAMS 0x0000000085800000| PB 0x0000000085800000| Complete 
|  89|0x0000000085900000, 0x0000000085a00000, 0x0000000085a00000|100%|HS|  |TAMS 0x0000000085900000| PB 0x0000000085900000| Complete 
|  90|0x0000000085a00000, 0x0000000085b00000, 0x0000000085b00000|100%|HC|  |TAMS 0x0000000085a00000| PB 0x0000000085a00000| Complete 
|  91|0x0000000085b00000, 0x0000000085c00000, 0x0000000085c00000|100%| O|  |TAMS 0x0000000085b00000| PB 0x0000000085b00000| Untracked 
|  92|0x0000000085c00000, 0x0000000085d00000, 0x0000000085d00000|100%| O|  |TAMS 0x0000000085c00000| PB 0x0000000085c00000| Untracked 
|  93|0x0000000085d00000, 0x0000000085e00000, 0x0000000085e00000|100%| O|  |TAMS 0x0000000085d00000| PB 0x0000000085d00000| Untracked 
|  94|0x0000000085e00000, 0x0000000085f00000, 0x0000000085f00000|100%|HS|  |TAMS 0x0000000085e00000| PB 0x0000000085e00000| Complete 
|  95|0x0000000085f00000, 0x0000000086000000, 0x0000000086000000|100%| O|  |TAMS 0x0000000085f00000| PB 0x0000000085f00000| Untracked 
|  96|0x0000000086000000, 0x0000000086100000, 0x0000000086100000|100%|HS|  |TAMS 0x0000000086000000| PB 0x0000000086000000| Complete 
|  97|0x0000000086100000, 0x0000000086200000, 0x0000000086200000|100%| O|  |TAMS 0x0000000086100000| PB 0x0000000086100000| Untracked 
|  98|0x0000000086200000, 0x0000000086300000, 0x0000000086300000|100%| O|  |TAMS 0x0000000086200000| PB 0x0000000086200000| Untracked 
|  99|0x0000000086300000, 0x0000000086400000, 0x0000000086400000|100%| O|  |TAMS 0x0000000086300000| PB 0x0000000086300000| Untracked 
| 100|0x0000000086400000, 0x0000000086500000, 0x0000000086500000|100%| O|  |TAMS 0x0000000086400000| PB 0x0000000086400000| Untracked 
| 101|0x0000000086500000, 0x0000000086600000, 0x0000000086600000|100%| O|  |TAMS 0x0000000086500000| PB 0x0000000086500000| Untracked 
| 102|0x0000000086600000, 0x0000000086700000, 0x0000000086700000|100%| O|  |TAMS 0x0000000086600000| PB 0x0000000086600000| Untracked 
| 103|0x0000000086700000, 0x0000000086800000, 0x0000000086800000|100%| O|  |TAMS 0x0000000086700000| PB 0x0000000086700000| Untracked 
| 104|0x0000000086800000, 0x0000000086900000, 0x0000000086900000|100%| O|  |TAMS 0x0000000086800000| PB 0x0000000086800000| Untracked 
| 105|0x0000000086900000, 0x0000000086a00000, 0x0000000086a00000|100%|HS|  |TAMS 0x0000000086900000| PB 0x0000000086900000| Complete 
| 106|0x0000000086a00000, 0x0000000086b00000, 0x0000000086b00000|100%| O|  |TAMS 0x0000000086a00000| PB 0x0000000086a00000| Untracked 
| 107|0x0000000086b00000, 0x0000000086c00000, 0x0000000086c00000|100%| O|  |TAMS 0x0000000086b00000| PB 0x0000000086b00000| Untracked 
| 108|0x0000000086c00000, 0x0000000086d00000, 0x0000000086d00000|100%| O|  |TAMS 0x0000000086c00000| PB 0x0000000086c00000| Untracked 
| 109|0x0000000086d00000, 0x0000000086e00000, 0x0000000086e00000|100%| O|  |TAMS 0x0000000086d00000| PB 0x0000000086d00000| Untracked 
| 110|0x0000000086e00000, 0x0000000086f00000, 0x0000000086f00000|100%| O|  |TAMS 0x0000000086e00000| PB 0x0000000086e00000| Untracked 
| 111|0x0000000086f00000, 0x0000000087000000, 0x0000000087000000|100%|HS|  |TAMS 0x0000000086f00000| PB 0x0000000086f00000| Complete 
| 112|0x0000000087000000, 0x0000000087100000, 0x0000000087100000|100%| O|  |TAMS 0x0000000087000000| PB 0x0000000087000000| Untracked 
| 113|0x0000000087100000, 0x0000000087200000, 0x0000000087200000|100%| O|  |TAMS 0x0000000087100000| PB 0x0000000087100000| Untracked 
| 114|0x0000000087200000, 0x0000000087300000, 0x0000000087300000|100%| O|  |TAMS 0x0000000087200000| PB 0x0000000087200000| Untracked 
| 115|0x0000000087300000, 0x0000000087400000, 0x0000000087400000|100%| O|  |TAMS 0x0000000087300000| PB 0x0000000087300000| Untracked 
| 116|0x0000000087400000, 0x0000000087500000, 0x0000000087500000|100%| O|  |TAMS 0x0000000087400000| PB 0x0000000087400000| Untracked 
| 117|0x0000000087500000, 0x0000000087600000, 0x0000000087600000|100%|HS|  |TAMS 0x0000000087500000| PB 0x0000000087500000| Complete 
| 118|0x0000000087600000, 0x0000000087700000, 0x0000000087700000|100%| O|  |TAMS 0x0000000087600000| PB 0x0000000087600000| Untracked 
| 119|0x0000000087700000, 0x0000000087800000, 0x0000000087800000|100%| O|  |TAMS 0x0000000087700000| PB 0x0000000087700000| Untracked 
| 120|0x0000000087800000, 0x0000000087900000, 0x0000000087900000|100%| O|  |TAMS 0x0000000087800000| PB 0x0000000087800000| Untracked 
| 121|0x0000000087900000, 0x0000000087a00000, 0x0000000087a00000|100%| O|  |TAMS 0x0000000087900000| PB 0x0000000087900000| Untracked 
| 122|0x0000000087a00000, 0x0000000087b00000, 0x0000000087b00000|100%| O|  |TAMS 0x0000000087a00000| PB 0x0000000087a00000| Untracked 
| 123|0x0000000087b00000, 0x0000000087c00000, 0x0000000087c00000|100%| O|  |TAMS 0x0000000087b00000| PB 0x0000000087b00000| Untracked 
| 124|0x0000000087c00000, 0x0000000087d00000, 0x0000000087d00000|100%| O|  |TAMS 0x0000000087c00000| PB 0x0000000087c00000| Untracked 
| 125|0x0000000087d00000, 0x0000000087e00000, 0x0000000087e00000|100%| O|  |TAMS 0x0000000087d00000| PB 0x0000000087d00000| Untracked 
| 126|0x0000000087e00000, 0x0000000087f00000, 0x0000000087f00000|100%| O|  |TAMS 0x0000000087e00000| PB 0x0000000087e00000| Untracked 
| 127|0x0000000087f00000, 0x0000000088000000, 0x0000000088000000|100%| O|  |TAMS 0x0000000087f00000| PB 0x0000000087f00000| Untracked 
| 128|0x0000000088000000, 0x0000000088100000, 0x0000000088100000|100%| O|  |TAMS 0x0000000088000000| PB 0x0000000088000000| Untracked 
| 129|0x0000000088100000, 0x0000000088200000, 0x0000000088200000|100%| O|  |TAMS 0x0000000088100000| PB 0x0000000088100000| Untracked 
| 130|0x0000000088200000, 0x0000000088300000, 0x0000000088300000|100%| O|  |TAMS 0x0000000088200000| PB 0x0000000088200000| Untracked 
| 131|0x0000000088300000, 0x0000000088400000, 0x0000000088400000|100%| O|  |TAMS 0x0000000088300000| PB 0x0000000088300000| Untracked 
| 132|0x0000000088400000, 0x0000000088500000, 0x0000000088500000|100%| O|  |TAMS 0x0000000088400000| PB 0x0000000088400000| Untracked 
| 133|0x0000000088500000, 0x0000000088600000, 0x0000000088600000|100%|HS|  |TAMS 0x0000000088500000| PB 0x0000000088500000| Complete 
| 134|0x0000000088600000, 0x0000000088700000, 0x0000000088700000|100%|HC|  |TAMS 0x0000000088600000| PB 0x0000000088600000| Complete 
| 135|0x0000000088700000, 0x0000000088800000, 0x0000000088800000|100%|HC|  |TAMS 0x0000000088700000| PB 0x0000000088700000| Complete 
| 136|0x0000000088800000, 0x0000000088900000, 0x0000000088900000|100%| O|  |TAMS 0x0000000088800000| PB 0x0000000088800000| Untracked 
| 137|0x0000000088900000, 0x0000000088a00000, 0x0000000088a00000|100%| O|  |TAMS 0x0000000088900000| PB 0x0000000088900000| Untracked 
| 138|0x0000000088a00000, 0x0000000088b00000, 0x0000000088b00000|100%| O|  |TAMS 0x0000000088a00000| PB 0x0000000088a00000| Untracked 
| 139|0x0000000088b00000, 0x0000000088c00000, 0x0000000088c00000|100%| O|  |TAMS 0x0000000088b00000| PB 0x0000000088b00000| Untracked 
| 140|0x0000000088c00000, 0x0000000088d00000, 0x0000000088d00000|100%| O|  |TAMS 0x0000000088c00000| PB 0x0000000088c00000| Untracked 
| 141|0x0000000088d00000, 0x0000000088e00000, 0x0000000088e00000|100%| O|  |TAMS 0x0000000088d00000| PB 0x0000000088d00000| Untracked 
| 142|0x0000000088e00000, 0x0000000088f00000, 0x0000000088f00000|100%| O|  |TAMS 0x0000000088e00000| PB 0x0000000088e00000| Untracked 
| 143|0x0000000088f00000, 0x0000000089000000, 0x0000000089000000|100%| O|  |TAMS 0x0000000088f00000| PB 0x0000000088f00000| Untracked 
| 144|0x0000000089000000, 0x0000000089100000, 0x0000000089100000|100%| O|  |TAMS 0x0000000089000000| PB 0x0000000089000000| Untracked 
| 145|0x0000000089100000, 0x0000000089200000, 0x0000000089200000|100%| O|  |TAMS 0x0000000089100000| PB 0x0000000089100000| Untracked 
| 146|0x0000000089200000, 0x0000000089300000, 0x0000000089300000|100%| O|  |TAMS 0x0000000089200000| PB 0x0000000089200000| Untracked 
| 147|0x0000000089300000, 0x0000000089400000, 0x0000000089400000|100%| O|  |TAMS 0x0000000089300000| PB 0x0000000089300000| Untracked 
| 148|0x0000000089400000, 0x0000000089500000, 0x0000000089500000|100%| O|  |TAMS 0x0000000089400000| PB 0x0000000089400000| Untracked 
| 149|0x0000000089500000, 0x0000000089600000, 0x0000000089600000|100%| O|  |TAMS 0x0000000089500000| PB 0x0000000089500000| Untracked 
| 150|0x0000000089600000, 0x0000000089700000, 0x0000000089700000|100%| O|  |TAMS 0x0000000089600000| PB 0x0000000089600000| Untracked 
| 151|0x0000000089700000, 0x0000000089800000, 0x0000000089800000|100%| O|  |TAMS 0x0000000089700000| PB 0x0000000089700000| Untracked 
| 152|0x0000000089800000, 0x0000000089900000, 0x0000000089900000|100%| O|  |TAMS 0x0000000089800000| PB 0x0000000089800000| Untracked 
| 153|0x0000000089900000, 0x0000000089a00000, 0x0000000089a00000|100%| O|  |TAMS 0x0000000089900000| PB 0x0000000089900000| Untracked 
| 154|0x0000000089a00000, 0x0000000089b00000, 0x0000000089b00000|100%| O|  |TAMS 0x0000000089a00000| PB 0x0000000089a00000| Untracked 
| 155|0x0000000089b00000, 0x0000000089c00000, 0x0000000089c00000|100%| O|  |TAMS 0x0000000089b00000| PB 0x0000000089b00000| Untracked 
| 156|0x0000000089c00000, 0x0000000089d00000, 0x0000000089d00000|100%| O|  |TAMS 0x0000000089c00000| PB 0x0000000089c00000| Untracked 
| 157|0x0000000089d00000, 0x0000000089e00000, 0x0000000089e00000|100%| O|  |TAMS 0x0000000089d00000| PB 0x0000000089d00000| Untracked 
| 158|0x0000000089e00000, 0x0000000089f00000, 0x0000000089f00000|100%| O|  |TAMS 0x0000000089e00000| PB 0x0000000089e00000| Untracked 
| 159|0x0000000089f00000, 0x000000008a000000, 0x000000008a000000|100%| O|  |TAMS 0x0000000089f00000| PB 0x0000000089f00000| Untracked 
| 160|0x000000008a000000, 0x000000008a100000, 0x000000008a100000|100%| O|  |TAMS 0x000000008a000000| PB 0x000000008a000000| Untracked 
| 161|0x000000008a100000, 0x000000008a200000, 0x000000008a200000|100%| O|  |TAMS 0x000000008a100000| PB 0x000000008a100000| Untracked 
| 162|0x000000008a200000, 0x000000008a300000, 0x000000008a300000|100%| O|  |TAMS 0x000000008a200000| PB 0x000000008a200000| Untracked 
| 163|0x000000008a300000, 0x000000008a400000, 0x000000008a400000|100%| O|  |TAMS 0x000000008a300000| PB 0x000000008a300000| Untracked 
| 164|0x000000008a400000, 0x000000008a500000, 0x000000008a500000|100%| O|  |TAMS 0x000000008a400000| PB 0x000000008a400000| Untracked 
| 165|0x000000008a500000, 0x000000008a600000, 0x000000008a600000|100%| O|  |TAMS 0x000000008a500000| PB 0x000000008a500000| Untracked 
| 166|0x000000008a600000, 0x000000008a700000, 0x000000008a700000|100%| O|  |TAMS 0x000000008a600000| PB 0x000000008a600000| Untracked 
| 167|0x000000008a700000, 0x000000008a800000, 0x000000008a800000|100%| O|  |TAMS 0x000000008a700000| PB 0x000000008a700000| Untracked 
| 168|0x000000008a800000, 0x000000008a900000, 0x000000008a900000|100%| O|  |TAMS 0x000000008a800000| PB 0x000000008a800000| Untracked 
| 169|0x000000008a900000, 0x000000008aa00000, 0x000000008aa00000|100%| O|  |TAMS 0x000000008a900000| PB 0x000000008a900000| Untracked 
| 170|0x000000008aa00000, 0x000000008ab00000, 0x000000008ab00000|100%| O|  |TAMS 0x000000008aa00000| PB 0x000000008aa00000| Untracked 
| 171|0x000000008ab00000, 0x000000008ac00000, 0x000000008ac00000|100%| O|  |TAMS 0x000000008ab00000| PB 0x000000008ab00000| Untracked 
| 172|0x000000008ac00000, 0x000000008ad00000, 0x000000008ad00000|100%| O|  |TAMS 0x000000008ac00000| PB 0x000000008ac00000| Untracked 
| 173|0x000000008ad00000, 0x000000008ae00000, 0x000000008ae00000|100%| O|  |TAMS 0x000000008ad00000| PB 0x000000008ad00000| Untracked 
| 174|0x000000008ae00000, 0x000000008af00000, 0x000000008af00000|100%| O|  |TAMS 0x000000008ae00000| PB 0x000000008ae00000| Untracked 
| 175|0x000000008af00000, 0x000000008b000000, 0x000000008b000000|100%| O|  |TAMS 0x000000008af00000| PB 0x000000008af00000| Untracked 
| 176|0x000000008b000000, 0x000000008b100000, 0x000000008b100000|100%| O|  |TAMS 0x000000008b000000| PB 0x000000008b000000| Untracked 
| 177|0x000000008b100000, 0x000000008b200000, 0x000000008b200000|100%| O|  |TAMS 0x000000008b100000| PB 0x000000008b100000| Untracked 
| 178|0x000000008b200000, 0x000000008b300000, 0x000000008b300000|100%| O|  |TAMS 0x000000008b200000| PB 0x000000008b200000| Untracked 
| 179|0x000000008b300000, 0x000000008b400000, 0x000000008b400000|100%| O|  |TAMS 0x000000008b300000| PB 0x000000008b300000| Untracked 
| 180|0x000000008b400000, 0x000000008b500000, 0x000000008b500000|100%| O|  |TAMS 0x000000008b400000| PB 0x000000008b400000| Untracked 
| 181|0x000000008b500000, 0x000000008b600000, 0x000000008b600000|100%| O|  |TAMS 0x000000008b500000| PB 0x000000008b500000| Untracked 
| 182|0x000000008b600000, 0x000000008b700000, 0x000000008b700000|100%| O|  |TAMS 0x000000008b600000| PB 0x000000008b600000| Untracked 
| 183|0x000000008b700000, 0x000000008b800000, 0x000000008b800000|100%| O|  |TAMS 0x000000008b700000| PB 0x000000008b700000| Untracked 
| 184|0x000000008b800000, 0x000000008b900000, 0x000000008b900000|100%| O|  |TAMS 0x000000008b800000| PB 0x000000008b800000| Untracked 
| 185|0x000000008b900000, 0x000000008ba00000, 0x000000008ba00000|100%| O|  |TAMS 0x000000008b900000| PB 0x000000008b900000| Untracked 
| 186|0x000000008ba00000, 0x000000008bb00000, 0x000000008bb00000|100%| O|  |TAMS 0x000000008ba00000| PB 0x000000008ba00000| Untracked 
| 187|0x000000008bb00000, 0x000000008bc00000, 0x000000008bc00000|100%| O|  |TAMS 0x000000008bb00000| PB 0x000000008bb00000| Untracked 
| 188|0x000000008bc00000, 0x000000008bd00000, 0x000000008bd00000|100%| O|  |TAMS 0x000000008bc00000| PB 0x000000008bc00000| Untracked 
| 189|0x000000008bd00000, 0x000000008be00000, 0x000000008be00000|100%| O|  |TAMS 0x000000008bd00000| PB 0x000000008bd00000| Untracked 
| 190|0x000000008be00000, 0x000000008bf00000, 0x000000008bf00000|100%| O|  |TAMS 0x000000008be00000| PB 0x000000008be00000| Untracked 
| 191|0x000000008bf00000, 0x000000008c000000, 0x000000008c000000|100%| O|  |TAMS 0x000000008bf00000| PB 0x000000008bf00000| Untracked 
| 192|0x000000008c000000, 0x000000008c100000, 0x000000008c100000|100%| O|  |TAMS 0x000000008c000000| PB 0x000000008c000000| Untracked 
| 193|0x000000008c100000, 0x000000008c200000, 0x000000008c200000|100%| O|  |TAMS 0x000000008c100000| PB 0x000000008c100000| Untracked 
| 194|0x000000008c200000, 0x000000008c300000, 0x000000008c300000|100%| O|  |TAMS 0x000000008c200000| PB 0x000000008c200000| Untracked 
| 195|0x000000008c300000, 0x000000008c400000, 0x000000008c400000|100%| O|  |TAMS 0x000000008c300000| PB 0x000000008c300000| Untracked 
| 196|0x000000008c400000, 0x000000008c500000, 0x000000008c500000|100%| O|  |TAMS 0x000000008c400000| PB 0x000000008c400000| Untracked 
| 197|0x000000008c500000, 0x000000008c600000, 0x000000008c600000|100%| O|  |TAMS 0x000000008c500000| PB 0x000000008c500000| Untracked 
| 198|0x000000008c600000, 0x000000008c700000, 0x000000008c700000|100%| O|  |TAMS 0x000000008c600000| PB 0x000000008c600000| Untracked 
| 199|0x000000008c700000, 0x000000008c800000, 0x000000008c800000|100%| O|  |TAMS 0x000000008c700000| PB 0x000000008c700000| Untracked 
| 200|0x000000008c800000, 0x000000008c900000, 0x000000008c900000|100%| O|  |TAMS 0x000000008c800000| PB 0x000000008c800000| Untracked 
| 201|0x000000008c900000, 0x000000008ca00000, 0x000000008ca00000|100%| O|  |TAMS 0x000000008c900000| PB 0x000000008c900000| Untracked 
| 202|0x000000008ca00000, 0x000000008cb00000, 0x000000008cb00000|100%|HS|  |TAMS 0x000000008ca00000| PB 0x000000008ca00000| Complete 
| 203|0x000000008cb00000, 0x000000008cc00000, 0x000000008cc00000|100%|HS|  |TAMS 0x000000008cb00000| PB 0x000000008cb00000| Complete 
| 204|0x000000008cc00000, 0x000000008cd00000, 0x000000008cd00000|100%|HS|  |TAMS 0x000000008cc00000| PB 0x000000008cc00000| Complete 
| 205|0x000000008cd00000, 0x000000008ce00000, 0x000000008ce00000|100%| O|  |TAMS 0x000000008cd00000| PB 0x000000008cd00000| Untracked 
| 206|0x000000008ce00000, 0x000000008cf00000, 0x000000008cf00000|100%| O|  |TAMS 0x000000008ce00000| PB 0x000000008ce00000| Untracked 
| 207|0x000000008cf00000, 0x000000008d000000, 0x000000008d000000|100%| O|  |TAMS 0x000000008cf00000| PB 0x000000008cf00000| Untracked 
| 208|0x000000008d000000, 0x000000008d100000, 0x000000008d100000|100%| O|  |TAMS 0x000000008d000000| PB 0x000000008d000000| Untracked 
| 209|0x000000008d100000, 0x000000008d200000, 0x000000008d200000|100%| O|  |TAMS 0x000000008d100000| PB 0x000000008d100000| Untracked 
| 210|0x000000008d200000, 0x000000008d300000, 0x000000008d300000|100%| O|  |TAMS 0x000000008d200000| PB 0x000000008d200000| Untracked 
| 211|0x000000008d300000, 0x000000008d400000, 0x000000008d400000|100%| O|  |TAMS 0x000000008d300000| PB 0x000000008d300000| Untracked 
| 212|0x000000008d400000, 0x000000008d500000, 0x000000008d500000|100%| O|  |TAMS 0x000000008d400000| PB 0x000000008d400000| Untracked 
| 213|0x000000008d500000, 0x000000008d600000, 0x000000008d600000|100%| O|  |TAMS 0x000000008d500000| PB 0x000000008d500000| Untracked 
| 214|0x000000008d600000, 0x000000008d700000, 0x000000008d700000|100%| O|  |TAMS 0x000000008d600000| PB 0x000000008d600000| Untracked 
| 215|0x000000008d700000, 0x000000008d800000, 0x000000008d800000|100%| O|  |TAMS 0x000000008d700000| PB 0x000000008d700000| Untracked 
| 216|0x000000008d800000, 0x000000008d900000, 0x000000008d900000|100%| O|  |TAMS 0x000000008d800000| PB 0x000000008d800000| Untracked 
| 217|0x000000008d900000, 0x000000008da00000, 0x000000008da00000|100%| O|  |TAMS 0x000000008d900000| PB 0x000000008d900000| Untracked 
| 218|0x000000008da00000, 0x000000008db00000, 0x000000008db00000|100%| O|  |TAMS 0x000000008da00000| PB 0x000000008da00000| Untracked 
| 219|0x000000008db00000, 0x000000008dc00000, 0x000000008dc00000|100%| O|  |TAMS 0x000000008db00000| PB 0x000000008db00000| Untracked 
| 220|0x000000008dc00000, 0x000000008dd00000, 0x000000008dd00000|100%| O|  |TAMS 0x000000008dc00000| PB 0x000000008dc00000| Untracked 
| 221|0x000000008dd00000, 0x000000008de00000, 0x000000008de00000|100%| O|  |TAMS 0x000000008dd00000| PB 0x000000008dd00000| Untracked 
| 222|0x000000008de00000, 0x000000008df00000, 0x000000008df00000|100%| O|  |TAMS 0x000000008de00000| PB 0x000000008de00000| Untracked 
| 223|0x000000008df00000, 0x000000008e000000, 0x000000008e000000|100%| O|  |TAMS 0x000000008df00000| PB 0x000000008df00000| Untracked 
| 224|0x000000008e000000, 0x000000008e100000, 0x000000008e100000|100%| O|  |TAMS 0x000000008e000000| PB 0x000000008e000000| Untracked 
| 225|0x000000008e100000, 0x000000008e200000, 0x000000008e200000|100%| O|  |TAMS 0x000000008e100000| PB 0x000000008e100000| Untracked 
| 226|0x000000008e200000, 0x000000008e300000, 0x000000008e300000|100%| O|  |TAMS 0x000000008e200000| PB 0x000000008e200000| Untracked 
| 227|0x000000008e300000, 0x000000008e400000, 0x000000008e400000|100%| O|Cm|TAMS 0x000000008e300000| PB 0x000000008e300000| Complete 
| 228|0x000000008e400000, 0x000000008e500000, 0x000000008e500000|100%| O|  |TAMS 0x000000008e400000| PB 0x000000008e400000| Untracked 
| 229|0x000000008e500000, 0x000000008e600000, 0x000000008e600000|100%| O|  |TAMS 0x000000008e500000| PB 0x000000008e500000| Untracked 
| 230|0x000000008e600000, 0x000000008e700000, 0x000000008e700000|100%| O|  |TAMS 0x000000008e600000| PB 0x000000008e600000| Untracked 
| 231|0x000000008e700000, 0x000000008e800000, 0x000000008e800000|100%| O|  |TAMS 0x000000008e700000| PB 0x000000008e700000| Untracked 
| 232|0x000000008e800000, 0x000000008e900000, 0x000000008e900000|100%| O|  |TAMS 0x000000008e800000| PB 0x000000008e800000| Untracked 
| 233|0x000000008e900000, 0x000000008ea00000, 0x000000008ea00000|100%| O|  |TAMS 0x000000008e900000| PB 0x000000008e900000| Untracked 
| 234|0x000000008ea00000, 0x000000008eb00000, 0x000000008eb00000|100%| O|  |TAMS 0x000000008ea00000| PB 0x000000008ea00000| Untracked 
| 235|0x000000008eb00000, 0x000000008ec00000, 0x000000008ec00000|100%| O|  |TAMS 0x000000008eb00000| PB 0x000000008eb00000| Untracked 
| 236|0x000000008ec00000, 0x000000008ed00000, 0x000000008ed00000|100%|HS|  |TAMS 0x000000008ec00000| PB 0x000000008ec00000| Complete 
| 237|0x000000008ed00000, 0x000000008ee00000, 0x000000008ee00000|100%| O|  |TAMS 0x000000008ed00000| PB 0x000000008ed00000| Untracked 
| 238|0x000000008ee00000, 0x000000008ef00000, 0x000000008ef00000|100%| O|  |TAMS 0x000000008ee00000| PB 0x000000008ee00000| Untracked 
| 239|0x000000008ef00000, 0x000000008f000000, 0x000000008f000000|100%| O|  |TAMS 0x000000008ef00000| PB 0x000000008ef00000| Untracked 
| 240|0x000000008f000000, 0x000000008f100000, 0x000000008f100000|100%| O|  |TAMS 0x000000008f000000| PB 0x000000008f000000| Untracked 
| 241|0x000000008f100000, 0x000000008f200000, 0x000000008f200000|100%| O|  |TAMS 0x000000008f100000| PB 0x000000008f100000| Untracked 
| 242|0x000000008f200000, 0x000000008f300000, 0x000000008f300000|100%| O|  |TAMS 0x000000008f200000| PB 0x000000008f200000| Untracked 
| 243|0x000000008f300000, 0x000000008f400000, 0x000000008f400000|100%| O|  |TAMS 0x000000008f300000| PB 0x000000008f300000| Untracked 
| 244|0x000000008f400000, 0x000000008f500000, 0x000000008f500000|100%| O|  |TAMS 0x000000008f400000| PB 0x000000008f400000| Untracked 
| 245|0x000000008f500000, 0x000000008f600000, 0x000000008f600000|100%| O|  |TAMS 0x000000008f500000| PB 0x000000008f500000| Untracked 
| 246|0x000000008f600000, 0x000000008f700000, 0x000000008f700000|100%|HS|  |TAMS 0x000000008f600000| PB 0x000000008f600000| Complete 
| 247|0x000000008f700000, 0x000000008f800000, 0x000000008f800000|100%|HC|  |TAMS 0x000000008f700000| PB 0x000000008f700000| Complete 
| 248|0x000000008f800000, 0x000000008f900000, 0x000000008f900000|100%| O|  |TAMS 0x000000008f800000| PB 0x000000008f800000| Untracked 
| 249|0x000000008f900000, 0x000000008fa00000, 0x000000008fa00000|100%| O|  |TAMS 0x000000008f900000| PB 0x000000008f900000| Untracked 
| 250|0x000000008fa00000, 0x000000008fb00000, 0x000000008fb00000|100%| O|  |TAMS 0x000000008fa00000| PB 0x000000008fa00000| Untracked 
| 251|0x000000008fb00000, 0x000000008fc00000, 0x000000008fc00000|100%| O|  |TAMS 0x000000008fb00000| PB 0x000000008fb00000| Untracked 
| 252|0x000000008fc00000, 0x000000008fd00000, 0x000000008fd00000|100%| O|  |TAMS 0x000000008fc00000| PB 0x000000008fc00000| Untracked 
| 253|0x000000008fd00000, 0x000000008fe00000, 0x000000008fe00000|100%| O|  |TAMS 0x000000008fd00000| PB 0x000000008fd00000| Untracked 
| 254|0x000000008fe00000, 0x000000008ff00000, 0x000000008ff00000|100%| O|  |TAMS 0x000000008fe00000| PB 0x000000008fe00000| Untracked 
| 255|0x000000008ff00000, 0x0000000090000000, 0x0000000090000000|100%| O|  |TAMS 0x000000008ff00000| PB 0x000000008ff00000| Untracked 
| 256|0x0000000090000000, 0x0000000090100000, 0x0000000090100000|100%| O|  |TAMS 0x0000000090000000| PB 0x0000000090000000| Untracked 
| 257|0x0000000090100000, 0x0000000090200000, 0x0000000090200000|100%| O|  |TAMS 0x0000000090100000| PB 0x0000000090100000| Untracked 
| 258|0x0000000090200000, 0x0000000090300000, 0x0000000090300000|100%| O|  |TAMS 0x0000000090200000| PB 0x0000000090200000| Untracked 
| 259|0x0000000090300000, 0x0000000090400000, 0x0000000090400000|100%| O|  |TAMS 0x0000000090300000| PB 0x0000000090300000| Untracked 
| 260|0x0000000090400000, 0x0000000090500000, 0x0000000090500000|100%| O|  |TAMS 0x0000000090400000| PB 0x0000000090400000| Untracked 
| 261|0x0000000090500000, 0x0000000090600000, 0x0000000090600000|100%| O|Cm|TAMS 0x0000000090500000| PB 0x0000000090500000| Complete 
| 262|0x0000000090600000, 0x0000000090700000, 0x0000000090700000|100%| O|Cm|TAMS 0x0000000090600000| PB 0x0000000090600000| Complete 
| 263|0x0000000090700000, 0x0000000090800000, 0x0000000090800000|100%| O|  |TAMS 0x0000000090700000| PB 0x0000000090700000| Untracked 
| 264|0x0000000090800000, 0x0000000090900000, 0x0000000090900000|100%|HS|  |TAMS 0x0000000090800000| PB 0x0000000090800000| Complete 
| 265|0x0000000090900000, 0x0000000090a00000, 0x0000000090a00000|100%|HS|  |TAMS 0x0000000090900000| PB 0x0000000090900000| Complete 
| 266|0x0000000090a00000, 0x0000000090b00000, 0x0000000090b00000|100%|HS|  |TAMS 0x0000000090a00000| PB 0x0000000090a00000| Complete 
| 267|0x0000000090b00000, 0x0000000090c00000, 0x0000000090c00000|100%|HS|  |TAMS 0x0000000090b00000| PB 0x0000000090b00000| Complete 
| 268|0x0000000090c00000, 0x0000000090d00000, 0x0000000090d00000|100%|HS|  |TAMS 0x0000000090c00000| PB 0x0000000090c00000| Complete 
| 269|0x0000000090d00000, 0x0000000090e00000, 0x0000000090e00000|100%| O|  |TAMS 0x0000000090d00000| PB 0x0000000090d00000| Untracked 
| 270|0x0000000090e00000, 0x0000000090f00000, 0x0000000090f00000|100%| O|  |TAMS 0x0000000090e00000| PB 0x0000000090e00000| Untracked 
| 271|0x0000000090f00000, 0x0000000091000000, 0x0000000091000000|100%| O|  |TAMS 0x0000000090f00000| PB 0x0000000090f00000| Untracked 
| 272|0x0000000091000000, 0x0000000091100000, 0x0000000091100000|100%| O|  |TAMS 0x0000000091000000| PB 0x0000000091000000| Untracked 
| 273|0x0000000091100000, 0x0000000091200000, 0x0000000091200000|100%| O|  |TAMS 0x0000000091100000| PB 0x0000000091100000| Untracked 
| 274|0x0000000091200000, 0x0000000091300000, 0x0000000091300000|100%| O|  |TAMS 0x0000000091200000| PB 0x0000000091200000| Untracked 
| 275|0x0000000091300000, 0x0000000091400000, 0x0000000091400000|100%| O|  |TAMS 0x0000000091300000| PB 0x0000000091300000| Untracked 
| 276|0x0000000091400000, 0x0000000091500000, 0x0000000091500000|100%| O|  |TAMS 0x0000000091400000| PB 0x0000000091400000| Untracked 
| 277|0x0000000091500000, 0x0000000091600000, 0x0000000091600000|100%| O|  |TAMS 0x0000000091500000| PB 0x0000000091500000| Untracked 
| 278|0x0000000091600000, 0x0000000091700000, 0x0000000091700000|100%| O|  |TAMS 0x0000000091600000| PB 0x0000000091600000| Untracked 
| 279|0x0000000091700000, 0x0000000091800000, 0x0000000091800000|100%| O|  |TAMS 0x0000000091700000| PB 0x0000000091700000| Untracked 
| 280|0x0000000091800000, 0x0000000091900000, 0x0000000091900000|100%| O|  |TAMS 0x0000000091800000| PB 0x0000000091800000| Untracked 
| 281|0x0000000091900000, 0x0000000091a00000, 0x0000000091a00000|100%| O|  |TAMS 0x0000000091900000| PB 0x0000000091900000| Untracked 
| 282|0x0000000091a00000, 0x0000000091b00000, 0x0000000091b00000|100%| O|Cm|TAMS 0x0000000091a00000| PB 0x0000000091a00000| Complete 
| 283|0x0000000091b00000, 0x0000000091c00000, 0x0000000091c00000|100%| O|  |TAMS 0x0000000091b00000| PB 0x0000000091b00000| Untracked 
| 284|0x0000000091c00000, 0x0000000091d00000, 0x0000000091d00000|100%| O|  |TAMS 0x0000000091c00000| PB 0x0000000091c00000| Untracked 
| 285|0x0000000091d00000, 0x0000000091e00000, 0x0000000091e00000|100%| O|  |TAMS 0x0000000091d00000| PB 0x0000000091d00000| Untracked 
| 286|0x0000000091e00000, 0x0000000091f00000, 0x0000000091f00000|100%| O|  |TAMS 0x0000000091e00000| PB 0x0000000091e00000| Untracked 
| 287|0x0000000091f00000, 0x0000000092000000, 0x0000000092000000|100%| O|  |TAMS 0x0000000091f00000| PB 0x0000000091f00000| Untracked 
| 288|0x0000000092000000, 0x0000000092100000, 0x0000000092100000|100%| O|  |TAMS 0x0000000092000000| PB 0x0000000092000000| Untracked 
| 289|0x0000000092100000, 0x0000000092200000, 0x0000000092200000|100%| O|  |TAMS 0x0000000092100000| PB 0x0000000092100000| Untracked 
| 290|0x0000000092200000, 0x0000000092300000, 0x0000000092300000|100%| O|  |TAMS 0x0000000092200000| PB 0x0000000092200000| Untracked 
| 291|0x0000000092300000, 0x0000000092400000, 0x0000000092400000|100%| O|  |TAMS 0x0000000092300000| PB 0x0000000092300000| Untracked 
| 292|0x0000000092400000, 0x0000000092500000, 0x0000000092500000|100%| O|  |TAMS 0x0000000092400000| PB 0x0000000092400000| Untracked 
| 293|0x0000000092500000, 0x0000000092600000, 0x0000000092600000|100%| O|  |TAMS 0x0000000092500000| PB 0x0000000092500000| Untracked 
| 294|0x0000000092600000, 0x0000000092700000, 0x0000000092700000|100%| O|  |TAMS 0x0000000092600000| PB 0x0000000092600000| Untracked 
| 295|0x0000000092700000, 0x0000000092800000, 0x0000000092800000|100%| O|  |TAMS 0x0000000092700000| PB 0x0000000092700000| Untracked 
| 296|0x0000000092800000, 0x0000000092900000, 0x0000000092900000|100%| O|  |TAMS 0x0000000092800000| PB 0x0000000092800000| Untracked 
| 297|0x0000000092900000, 0x0000000092a00000, 0x0000000092a00000|100%| O|  |TAMS 0x0000000092900000| PB 0x0000000092900000| Untracked 
| 298|0x0000000092a00000, 0x0000000092b00000, 0x0000000092b00000|100%| O|  |TAMS 0x0000000092a00000| PB 0x0000000092a00000| Untracked 
| 299|0x0000000092b00000, 0x0000000092c00000, 0x0000000092c00000|100%| O|  |TAMS 0x0000000092b00000| PB 0x0000000092b00000| Untracked 
| 300|0x0000000092c00000, 0x0000000092d00000, 0x0000000092d00000|100%| O|  |TAMS 0x0000000092c00000| PB 0x0000000092c00000| Untracked 
| 301|0x0000000092d00000, 0x0000000092e00000, 0x0000000092e00000|100%| O|  |TAMS 0x0000000092d00000| PB 0x0000000092d00000| Untracked 
| 302|0x0000000092e00000, 0x0000000092f00000, 0x0000000092f00000|100%|HS|  |TAMS 0x0000000092e00000| PB 0x0000000092e00000| Complete 
| 303|0x0000000092f00000, 0x0000000093000000, 0x0000000093000000|100%|HS|  |TAMS 0x0000000092f00000| PB 0x0000000092f00000| Complete 
| 304|0x0000000093000000, 0x0000000093000000, 0x0000000093100000|  0%| F|  |TAMS 0x0000000093000000| PB 0x0000000093000000| Untracked 
| 305|0x0000000093100000, 0x00000000931be7d0, 0x0000000093200000| 74%| O|  |TAMS 0x0000000093100000| PB 0x0000000093100000| Untracked 
| 306|0x0000000093200000, 0x0000000093300000, 0x0000000093300000|100%|HS|  |TAMS 0x0000000093200000| PB 0x0000000093200000| Complete 
| 307|0x0000000093300000, 0x0000000093400000, 0x0000000093400000|100%|HC|  |TAMS 0x0000000093300000| PB 0x0000000093300000| Complete 
| 308|0x0000000093400000, 0x0000000093400000, 0x0000000093500000|  0%| F|  |TAMS 0x0000000093400000| PB 0x0000000093400000| Untracked 
| 309|0x0000000093500000, 0x0000000093500000, 0x0000000093600000|  0%| F|  |TAMS 0x0000000093500000| PB 0x0000000093500000| Untracked 
| 310|0x0000000093600000, 0x0000000093600000, 0x0000000093700000|  0%| F|  |TAMS 0x0000000093600000| PB 0x0000000093600000| Untracked 
| 311|0x0000000093700000, 0x0000000093700000, 0x0000000093800000|  0%| F|  |TAMS 0x0000000093700000| PB 0x0000000093700000| Untracked 
| 312|0x0000000093800000, 0x0000000093800000, 0x0000000093900000|  0%| F|  |TAMS 0x0000000093800000| PB 0x0000000093800000| Untracked 
| 313|0x0000000093900000, 0x0000000093900000, 0x0000000093a00000|  0%| F|  |TAMS 0x0000000093900000| PB 0x0000000093900000| Untracked 
| 314|0x0000000093a00000, 0x0000000093a00000, 0x0000000093b00000|  0%| F|  |TAMS 0x0000000093a00000| PB 0x0000000093a00000| Untracked 
| 315|0x0000000093b00000, 0x0000000093b00000, 0x0000000093c00000|  0%| F|  |TAMS 0x0000000093b00000| PB 0x0000000093b00000| Untracked 
| 316|0x0000000093c00000, 0x0000000093c00000, 0x0000000093d00000|  0%| F|  |TAMS 0x0000000093c00000| PB 0x0000000093c00000| Untracked 
| 317|0x0000000093d00000, 0x0000000093d00000, 0x0000000093e00000|  0%| F|  |TAMS 0x0000000093d00000| PB 0x0000000093d00000| Untracked 
| 318|0x0000000093e00000, 0x0000000093e00000, 0x0000000093f00000|  0%| F|  |TAMS 0x0000000093e00000| PB 0x0000000093e00000| Untracked 
| 319|0x0000000093f00000, 0x0000000093f00000, 0x0000000094000000|  0%| F|  |TAMS 0x0000000093f00000| PB 0x0000000093f00000| Untracked 
| 320|0x0000000094000000, 0x0000000094000000, 0x0000000094100000|  0%| F|  |TAMS 0x0000000094000000| PB 0x0000000094000000| Untracked 
| 321|0x0000000094100000, 0x0000000094100000, 0x0000000094200000|  0%| F|  |TAMS 0x0000000094100000| PB 0x0000000094100000| Untracked 
| 322|0x0000000094200000, 0x0000000094200000, 0x0000000094300000|  0%| F|  |TAMS 0x0000000094200000| PB 0x0000000094200000| Untracked 
| 323|0x0000000094300000, 0x0000000094300000, 0x0000000094400000|  0%| F|  |TAMS 0x0000000094300000| PB 0x0000000094300000| Untracked 
| 324|0x0000000094400000, 0x0000000094400000, 0x0000000094500000|  0%| F|  |TAMS 0x0000000094400000| PB 0x0000000094400000| Untracked 
| 325|0x0000000094500000, 0x0000000094500000, 0x0000000094600000|  0%| F|  |TAMS 0x0000000094500000| PB 0x0000000094500000| Untracked 
| 326|0x0000000094600000, 0x0000000094600000, 0x0000000094700000|  0%| F|  |TAMS 0x0000000094600000| PB 0x0000000094600000| Untracked 
| 327|0x0000000094700000, 0x0000000094700000, 0x0000000094800000|  0%| F|  |TAMS 0x0000000094700000| PB 0x0000000094700000| Untracked 
| 328|0x0000000094800000, 0x0000000094800000, 0x0000000094900000|  0%| F|  |TAMS 0x0000000094800000| PB 0x0000000094800000| Untracked 
| 329|0x0000000094900000, 0x0000000094900000, 0x0000000094a00000|  0%| F|  |TAMS 0x0000000094900000| PB 0x0000000094900000| Untracked 
| 330|0x0000000094a00000, 0x0000000094a00000, 0x0000000094b00000|  0%| F|  |TAMS 0x0000000094a00000| PB 0x0000000094a00000| Untracked 
| 331|0x0000000094b00000, 0x0000000094b00000, 0x0000000094c00000|  0%| F|  |TAMS 0x0000000094b00000| PB 0x0000000094b00000| Untracked 
| 332|0x0000000094c00000, 0x0000000094c00000, 0x0000000094d00000|  0%| F|  |TAMS 0x0000000094c00000| PB 0x0000000094c00000| Untracked 
| 333|0x0000000094d00000, 0x0000000094d00000, 0x0000000094e00000|  0%| F|  |TAMS 0x0000000094d00000| PB 0x0000000094d00000| Untracked 
| 334|0x0000000094e00000, 0x0000000094e00000, 0x0000000094f00000|  0%| F|  |TAMS 0x0000000094e00000| PB 0x0000000094e00000| Untracked 
| 335|0x0000000094f00000, 0x0000000094f00000, 0x0000000095000000|  0%| F|  |TAMS 0x0000000094f00000| PB 0x0000000094f00000| Untracked 
| 336|0x0000000095000000, 0x0000000095000000, 0x0000000095100000|  0%| F|  |TAMS 0x0000000095000000| PB 0x0000000095000000| Untracked 
| 337|0x0000000095100000, 0x0000000095100000, 0x0000000095200000|  0%| F|  |TAMS 0x0000000095100000| PB 0x0000000095100000| Untracked 
| 338|0x0000000095200000, 0x0000000095200000, 0x0000000095300000|  0%| F|  |TAMS 0x0000000095200000| PB 0x0000000095200000| Untracked 
| 339|0x0000000095300000, 0x0000000095300000, 0x0000000095400000|  0%| F|  |TAMS 0x0000000095300000| PB 0x0000000095300000| Untracked 
| 340|0x0000000095400000, 0x0000000095400000, 0x0000000095500000|  0%| F|  |TAMS 0x0000000095400000| PB 0x0000000095400000| Untracked 
| 341|0x0000000095500000, 0x0000000095500000, 0x0000000095600000|  0%| F|  |TAMS 0x0000000095500000| PB 0x0000000095500000| Untracked 
| 342|0x0000000095600000, 0x0000000095600000, 0x0000000095700000|  0%| F|  |TAMS 0x0000000095600000| PB 0x0000000095600000| Untracked 
| 343|0x0000000095700000, 0x0000000095700000, 0x0000000095800000|  0%| F|  |TAMS 0x0000000095700000| PB 0x0000000095700000| Untracked 
| 344|0x0000000095800000, 0x0000000095800000, 0x0000000095900000|  0%| F|  |TAMS 0x0000000095800000| PB 0x0000000095800000| Untracked 
| 345|0x0000000095900000, 0x0000000095900000, 0x0000000095a00000|  0%| F|  |TAMS 0x0000000095900000| PB 0x0000000095900000| Untracked 
| 346|0x0000000095a00000, 0x0000000095a00000, 0x0000000095b00000|  0%| F|  |TAMS 0x0000000095a00000| PB 0x0000000095a00000| Untracked 
| 347|0x0000000095b00000, 0x0000000095b00000, 0x0000000095c00000|  0%| F|  |TAMS 0x0000000095b00000| PB 0x0000000095b00000| Untracked 
| 348|0x0000000095c00000, 0x0000000095c00000, 0x0000000095d00000|  0%| F|  |TAMS 0x0000000095c00000| PB 0x0000000095c00000| Untracked 
| 349|0x0000000095d00000, 0x0000000095d00000, 0x0000000095e00000|  0%| F|  |TAMS 0x0000000095d00000| PB 0x0000000095d00000| Untracked 
| 350|0x0000000095e00000, 0x0000000095e00000, 0x0000000095f00000|  0%| F|  |TAMS 0x0000000095e00000| PB 0x0000000095e00000| Untracked 
| 351|0x0000000095f00000, 0x0000000095f00000, 0x0000000096000000|  0%| F|  |TAMS 0x0000000095f00000| PB 0x0000000095f00000| Untracked 
| 352|0x0000000096000000, 0x0000000096000000, 0x0000000096100000|  0%| F|  |TAMS 0x0000000096000000| PB 0x0000000096000000| Untracked 
| 353|0x0000000096100000, 0x0000000096100000, 0x0000000096200000|  0%| F|  |TAMS 0x0000000096100000| PB 0x0000000096100000| Untracked 
| 354|0x0000000096200000, 0x0000000096200000, 0x0000000096300000|  0%| F|  |TAMS 0x0000000096200000| PB 0x0000000096200000| Untracked 
| 355|0x0000000096300000, 0x0000000096300000, 0x0000000096400000|  0%| F|  |TAMS 0x0000000096300000| PB 0x0000000096300000| Untracked 
| 356|0x0000000096400000, 0x0000000096400000, 0x0000000096500000|  0%| F|  |TAMS 0x0000000096400000| PB 0x0000000096400000| Untracked 
| 357|0x0000000096500000, 0x0000000096500000, 0x0000000096600000|  0%| F|  |TAMS 0x0000000096500000| PB 0x0000000096500000| Untracked 
| 358|0x0000000096600000, 0x0000000096600000, 0x0000000096700000|  0%| F|  |TAMS 0x0000000096600000| PB 0x0000000096600000| Untracked 
| 359|0x0000000096700000, 0x0000000096700000, 0x0000000096800000|  0%| F|  |TAMS 0x0000000096700000| PB 0x0000000096700000| Untracked 
| 360|0x0000000096800000, 0x0000000096800000, 0x0000000096900000|  0%| F|  |TAMS 0x0000000096800000| PB 0x0000000096800000| Untracked 
| 361|0x0000000096900000, 0x0000000096900000, 0x0000000096a00000|  0%| F|  |TAMS 0x0000000096900000| PB 0x0000000096900000| Untracked 
| 362|0x0000000096a00000, 0x0000000096a00000, 0x0000000096b00000|  0%| F|  |TAMS 0x0000000096a00000| PB 0x0000000096a00000| Untracked 
| 363|0x0000000096b00000, 0x0000000096b00000, 0x0000000096c00000|  0%| F|  |TAMS 0x0000000096b00000| PB 0x0000000096b00000| Untracked 
| 364|0x0000000096c00000, 0x0000000096c00000, 0x0000000096d00000|  0%| F|  |TAMS 0x0000000096c00000| PB 0x0000000096c00000| Untracked 
| 365|0x0000000096d00000, 0x0000000096d00000, 0x0000000096e00000|  0%| F|  |TAMS 0x0000000096d00000| PB 0x0000000096d00000| Untracked 
| 366|0x0000000096e00000, 0x0000000096e00000, 0x0000000096f00000|  0%| F|  |TAMS 0x0000000096e00000| PB 0x0000000096e00000| Untracked 
| 367|0x0000000096f00000, 0x0000000096f00000, 0x0000000097000000|  0%| F|  |TAMS 0x0000000096f00000| PB 0x0000000096f00000| Untracked 
| 368|0x0000000097000000, 0x0000000097000000, 0x0000000097100000|  0%| F|  |TAMS 0x0000000097000000| PB 0x0000000097000000| Untracked 
| 369|0x0000000097100000, 0x0000000097100000, 0x0000000097200000|  0%| F|  |TAMS 0x0000000097100000| PB 0x0000000097100000| Untracked 
| 370|0x0000000097200000, 0x0000000097200000, 0x0000000097300000|  0%| F|  |TAMS 0x0000000097200000| PB 0x0000000097200000| Untracked 
| 371|0x0000000097300000, 0x0000000097300000, 0x0000000097400000|  0%| F|  |TAMS 0x0000000097300000| PB 0x0000000097300000| Untracked 
| 372|0x0000000097400000, 0x0000000097400000, 0x0000000097500000|  0%| F|  |TAMS 0x0000000097400000| PB 0x0000000097400000| Untracked 
| 373|0x0000000097500000, 0x0000000097500000, 0x0000000097600000|  0%| F|  |TAMS 0x0000000097500000| PB 0x0000000097500000| Untracked 
| 374|0x0000000097600000, 0x0000000097600000, 0x0000000097700000|  0%| F|  |TAMS 0x0000000097600000| PB 0x0000000097600000| Untracked 
| 375|0x0000000097700000, 0x0000000097700000, 0x0000000097800000|  0%| F|  |TAMS 0x0000000097700000| PB 0x0000000097700000| Untracked 
| 376|0x0000000097800000, 0x0000000097800000, 0x0000000097900000|  0%| F|  |TAMS 0x0000000097800000| PB 0x0000000097800000| Untracked 
| 377|0x0000000097900000, 0x0000000097900000, 0x0000000097a00000|  0%| F|  |TAMS 0x0000000097900000| PB 0x0000000097900000| Untracked 
| 378|0x0000000097a00000, 0x0000000097a00000, 0x0000000097b00000|  0%| F|  |TAMS 0x0000000097a00000| PB 0x0000000097a00000| Untracked 
| 379|0x0000000097b00000, 0x0000000097b00000, 0x0000000097c00000|  0%| F|  |TAMS 0x0000000097b00000| PB 0x0000000097b00000| Untracked 
| 380|0x0000000097c00000, 0x0000000097c00000, 0x0000000097d00000|  0%| F|  |TAMS 0x0000000097c00000| PB 0x0000000097c00000| Untracked 
| 381|0x0000000097d00000, 0x0000000097d00000, 0x0000000097e00000|  0%| F|  |TAMS 0x0000000097d00000| PB 0x0000000097d00000| Untracked 
| 382|0x0000000097e00000, 0x0000000097e00000, 0x0000000097f00000|  0%| F|  |TAMS 0x0000000097e00000| PB 0x0000000097e00000| Untracked 
| 383|0x0000000097f00000, 0x0000000097f00000, 0x0000000098000000|  0%| F|  |TAMS 0x0000000097f00000| PB 0x0000000097f00000| Untracked 
| 384|0x0000000098000000, 0x0000000098000000, 0x0000000098100000|  0%| F|  |TAMS 0x0000000098000000| PB 0x0000000098000000| Untracked 
| 385|0x0000000098100000, 0x0000000098100000, 0x0000000098200000|  0%| F|  |TAMS 0x0000000098100000| PB 0x0000000098100000| Untracked 
| 386|0x0000000098200000, 0x0000000098200000, 0x0000000098300000|  0%| F|  |TAMS 0x0000000098200000| PB 0x0000000098200000| Untracked 
| 387|0x0000000098300000, 0x0000000098300000, 0x0000000098400000|  0%| F|  |TAMS 0x0000000098300000| PB 0x0000000098300000| Untracked 
| 388|0x0000000098400000, 0x0000000098400000, 0x0000000098500000|  0%| F|  |TAMS 0x0000000098400000| PB 0x0000000098400000| Untracked 
| 389|0x0000000098500000, 0x0000000098500000, 0x0000000098600000|  0%| F|  |TAMS 0x0000000098500000| PB 0x0000000098500000| Untracked 
| 390|0x0000000098600000, 0x0000000098600000, 0x0000000098700000|  0%| F|  |TAMS 0x0000000098600000| PB 0x0000000098600000| Untracked 
| 391|0x0000000098700000, 0x0000000098700000, 0x0000000098800000|  0%| F|  |TAMS 0x0000000098700000| PB 0x0000000098700000| Untracked 
| 392|0x0000000098800000, 0x0000000098800000, 0x0000000098900000|  0%| F|  |TAMS 0x0000000098800000| PB 0x0000000098800000| Untracked 
| 393|0x0000000098900000, 0x0000000098900000, 0x0000000098a00000|  0%| F|  |TAMS 0x0000000098900000| PB 0x0000000098900000| Untracked 
| 394|0x0000000098a00000, 0x0000000098a00000, 0x0000000098b00000|  0%| F|  |TAMS 0x0000000098a00000| PB 0x0000000098a00000| Untracked 
| 395|0x0000000098b00000, 0x0000000098c00000, 0x0000000098c00000|100%| S|CS|TAMS 0x0000000098b00000| PB 0x0000000098b00000| Complete 
| 396|0x0000000098c00000, 0x0000000098d00000, 0x0000000098d00000|100%| S|CS|TAMS 0x0000000098c00000| PB 0x0000000098c00000| Complete 
| 397|0x0000000098d00000, 0x0000000098e00000, 0x0000000098e00000|100%| S|CS|TAMS 0x0000000098d00000| PB 0x0000000098d00000| Complete 
| 398|0x0000000098e00000, 0x0000000098f00000, 0x0000000098f00000|100%| S|CS|TAMS 0x0000000098e00000| PB 0x0000000098e00000| Complete 
| 399|0x0000000098f00000, 0x0000000099000000, 0x0000000099000000|100%| S|CS|TAMS 0x0000000098f00000| PB 0x0000000098f00000| Complete 
| 400|0x0000000099000000, 0x0000000099000000, 0x0000000099100000|  0%| F|  |TAMS 0x0000000099000000| PB 0x0000000099000000| Untracked 
| 401|0x0000000099100000, 0x0000000099100000, 0x0000000099200000|  0%| F|  |TAMS 0x0000000099100000| PB 0x0000000099100000| Untracked 
| 402|0x0000000099200000, 0x0000000099200000, 0x0000000099300000|  0%| F|  |TAMS 0x0000000099200000| PB 0x0000000099200000| Untracked 
| 403|0x0000000099300000, 0x0000000099300000, 0x0000000099400000|  0%| F|  |TAMS 0x0000000099300000| PB 0x0000000099300000| Untracked 
| 404|0x0000000099400000, 0x0000000099400000, 0x0000000099500000|  0%| F|  |TAMS 0x0000000099400000| PB 0x0000000099400000| Untracked 
| 405|0x0000000099500000, 0x0000000099500000, 0x0000000099600000|  0%| F|  |TAMS 0x0000000099500000| PB 0x0000000099500000| Untracked 
| 406|0x0000000099600000, 0x0000000099600000, 0x0000000099700000|  0%| F|  |TAMS 0x0000000099600000| PB 0x0000000099600000| Untracked 
| 407|0x0000000099700000, 0x0000000099700000, 0x0000000099800000|  0%| F|  |TAMS 0x0000000099700000| PB 0x0000000099700000| Untracked 
| 408|0x0000000099800000, 0x0000000099800000, 0x0000000099900000|  0%| F|  |TAMS 0x0000000099800000| PB 0x0000000099800000| Untracked 
| 409|0x0000000099900000, 0x0000000099900000, 0x0000000099a00000|  0%| F|  |TAMS 0x0000000099900000| PB 0x0000000099900000| Untracked 
| 410|0x0000000099a00000, 0x0000000099a00000, 0x0000000099b00000|  0%| F|  |TAMS 0x0000000099a00000| PB 0x0000000099a00000| Untracked 
| 411|0x0000000099b00000, 0x0000000099b00000, 0x0000000099c00000|  0%| F|  |TAMS 0x0000000099b00000| PB 0x0000000099b00000| Untracked 
| 412|0x0000000099c00000, 0x0000000099c00000, 0x0000000099d00000|  0%| F|  |TAMS 0x0000000099c00000| PB 0x0000000099c00000| Untracked 
| 413|0x0000000099d00000, 0x0000000099d00000, 0x0000000099e00000|  0%| F|  |TAMS 0x0000000099d00000| PB 0x0000000099d00000| Untracked 
| 414|0x0000000099e00000, 0x0000000099e00000, 0x0000000099f00000|  0%| F|  |TAMS 0x0000000099e00000| PB 0x0000000099e00000| Untracked 
| 415|0x0000000099f00000, 0x0000000099f00000, 0x000000009a000000|  0%| F|  |TAMS 0x0000000099f00000| PB 0x0000000099f00000| Untracked 
| 416|0x000000009a000000, 0x000000009a000000, 0x000000009a100000|  0%| F|  |TAMS 0x000000009a000000| PB 0x000000009a000000| Untracked 
| 417|0x000000009a100000, 0x000000009a100000, 0x000000009a200000|  0%| F|  |TAMS 0x000000009a100000| PB 0x000000009a100000| Untracked 
| 418|0x000000009a200000, 0x000000009a200000, 0x000000009a300000|  0%| F|  |TAMS 0x000000009a200000| PB 0x000000009a200000| Untracked 
| 419|0x000000009a300000, 0x000000009a300000, 0x000000009a400000|  0%| F|  |TAMS 0x000000009a300000| PB 0x000000009a300000| Untracked 
| 420|0x000000009a400000, 0x000000009a400000, 0x000000009a500000|  0%| F|  |TAMS 0x000000009a400000| PB 0x000000009a400000| Untracked 
| 421|0x000000009a500000, 0x000000009a500000, 0x000000009a600000|  0%| F|  |TAMS 0x000000009a500000| PB 0x000000009a500000| Untracked 
| 422|0x000000009a600000, 0x000000009a600000, 0x000000009a700000|  0%| F|  |TAMS 0x000000009a600000| PB 0x000000009a600000| Untracked 
| 423|0x000000009a700000, 0x000000009a700000, 0x000000009a800000|  0%| F|  |TAMS 0x000000009a700000| PB 0x000000009a700000| Untracked 
| 424|0x000000009a800000, 0x000000009a800000, 0x000000009a900000|  0%| F|  |TAMS 0x000000009a800000| PB 0x000000009a800000| Untracked 
| 425|0x000000009a900000, 0x000000009a900000, 0x000000009aa00000|  0%| F|  |TAMS 0x000000009a900000| PB 0x000000009a900000| Untracked 
| 426|0x000000009aa00000, 0x000000009aa00000, 0x000000009ab00000|  0%| F|  |TAMS 0x000000009aa00000| PB 0x000000009aa00000| Untracked 
| 427|0x000000009ab00000, 0x000000009ab00000, 0x000000009ac00000|  0%| F|  |TAMS 0x000000009ab00000| PB 0x000000009ab00000| Untracked 
| 428|0x000000009ac00000, 0x000000009ac00000, 0x000000009ad00000|  0%| F|  |TAMS 0x000000009ac00000| PB 0x000000009ac00000| Untracked 
| 429|0x000000009ad00000, 0x000000009ad00000, 0x000000009ae00000|  0%| F|  |TAMS 0x000000009ad00000| PB 0x000000009ad00000| Untracked 
| 430|0x000000009ae00000, 0x000000009ae00000, 0x000000009af00000|  0%| F|  |TAMS 0x000000009ae00000| PB 0x000000009ae00000| Untracked 
| 431|0x000000009af00000, 0x000000009af00000, 0x000000009b000000|  0%| F|  |TAMS 0x000000009af00000| PB 0x000000009af00000| Untracked 
| 432|0x000000009b000000, 0x000000009b000000, 0x000000009b100000|  0%| F|  |TAMS 0x000000009b000000| PB 0x000000009b000000| Untracked 
| 433|0x000000009b100000, 0x000000009b100000, 0x000000009b200000|  0%| F|  |TAMS 0x000000009b100000| PB 0x000000009b100000| Untracked 
| 434|0x000000009b200000, 0x000000009b200000, 0x000000009b300000|  0%| F|  |TAMS 0x000000009b200000| PB 0x000000009b200000| Untracked 
| 435|0x000000009b300000, 0x000000009b300000, 0x000000009b400000|  0%| F|  |TAMS 0x000000009b300000| PB 0x000000009b300000| Untracked 
| 436|0x000000009b400000, 0x000000009b400000, 0x000000009b500000|  0%| F|  |TAMS 0x000000009b400000| PB 0x000000009b400000| Untracked 
| 437|0x000000009b500000, 0x000000009b500000, 0x000000009b600000|  0%| F|  |TAMS 0x000000009b500000| PB 0x000000009b500000| Untracked 
| 438|0x000000009b600000, 0x000000009b600000, 0x000000009b700000|  0%| F|  |TAMS 0x000000009b600000| PB 0x000000009b600000| Untracked 
| 439|0x000000009b700000, 0x000000009b700000, 0x000000009b800000|  0%| F|  |TAMS 0x000000009b700000| PB 0x000000009b700000| Untracked 
| 440|0x000000009b800000, 0x000000009b880a60, 0x000000009b900000| 50%| E|  |TAMS 0x000000009b800000| PB 0x000000009b800000| Complete 
| 441|0x000000009b900000, 0x000000009ba00000, 0x000000009ba00000|100%| E|CS|TAMS 0x000000009b900000| PB 0x000000009b900000| Complete 
| 442|0x000000009ba00000, 0x000000009bb00000, 0x000000009bb00000|100%| E|CS|TAMS 0x000000009ba00000| PB 0x000000009ba00000| Complete 
| 443|0x000000009bb00000, 0x000000009bc00000, 0x000000009bc00000|100%| E|CS|TAMS 0x000000009bb00000| PB 0x000000009bb00000| Complete 
| 444|0x000000009bc00000, 0x000000009bd00000, 0x000000009bd00000|100%| E|CS|TAMS 0x000000009bc00000| PB 0x000000009bc00000| Complete 
| 445|0x000000009bd00000, 0x000000009be00000, 0x000000009be00000|100%| E|CS|TAMS 0x000000009bd00000| PB 0x000000009bd00000| Complete 
| 446|0x000000009be00000, 0x000000009bf00000, 0x000000009bf00000|100%| E|CS|TAMS 0x000000009be00000| PB 0x000000009be00000| Complete 
| 447|0x000000009bf00000, 0x000000009c000000, 0x000000009c000000|100%| E|CS|TAMS 0x000000009bf00000| PB 0x000000009bf00000| Complete 
| 448|0x000000009c000000, 0x000000009c100000, 0x000000009c100000|100%| E|CS|TAMS 0x000000009c000000| PB 0x000000009c000000| Complete 
| 449|0x000000009c100000, 0x000000009c200000, 0x000000009c200000|100%| E|CS|TAMS 0x000000009c100000| PB 0x000000009c100000| Complete 
| 450|0x000000009c200000, 0x000000009c300000, 0x000000009c300000|100%| E|CS|TAMS 0x000000009c200000| PB 0x000000009c200000| Complete 
| 451|0x000000009c300000, 0x000000009c400000, 0x000000009c400000|100%| E|CS|TAMS 0x000000009c300000| PB 0x000000009c300000| Complete 
| 452|0x000000009c400000, 0x000000009c500000, 0x000000009c500000|100%| E|CS|TAMS 0x000000009c400000| PB 0x000000009c400000| Complete 
| 453|0x000000009c500000, 0x000000009c600000, 0x000000009c600000|100%| E|CS|TAMS 0x000000009c500000| PB 0x000000009c500000| Complete 
| 454|0x000000009c600000, 0x000000009c700000, 0x000000009c700000|100%| E|CS|TAMS 0x000000009c600000| PB 0x000000009c600000| Complete 
| 455|0x000000009c700000, 0x000000009c800000, 0x000000009c800000|100%| E|CS|TAMS 0x000000009c700000| PB 0x000000009c700000| Complete 
| 456|0x000000009c800000, 0x000000009c900000, 0x000000009c900000|100%| E|CS|TAMS 0x000000009c800000| PB 0x000000009c800000| Complete 
| 457|0x000000009c900000, 0x000000009ca00000, 0x000000009ca00000|100%| E|CS|TAMS 0x000000009c900000| PB 0x000000009c900000| Complete 
| 458|0x000000009ca00000, 0x000000009cb00000, 0x000000009cb00000|100%| E|CS|TAMS 0x000000009ca00000| PB 0x000000009ca00000| Complete 
| 459|0x000000009cb00000, 0x000000009cc00000, 0x000000009cc00000|100%| E|CS|TAMS 0x000000009cb00000| PB 0x000000009cb00000| Complete 
| 460|0x000000009cc00000, 0x000000009cd00000, 0x000000009cd00000|100%| E|CS|TAMS 0x000000009cc00000| PB 0x000000009cc00000| Complete 
| 461|0x000000009cd00000, 0x000000009ce00000, 0x000000009ce00000|100%| E|CS|TAMS 0x000000009cd00000| PB 0x000000009cd00000| Complete 
| 462|0x000000009ce00000, 0x000000009cf00000, 0x000000009cf00000|100%| E|CS|TAMS 0x000000009ce00000| PB 0x000000009ce00000| Complete 
| 463|0x000000009cf00000, 0x000000009d000000, 0x000000009d000000|100%| E|CS|TAMS 0x000000009cf00000| PB 0x000000009cf00000| Complete 
| 464|0x000000009d000000, 0x000000009d100000, 0x000000009d100000|100%| E|CS|TAMS 0x000000009d000000| PB 0x000000009d000000| Complete 
| 465|0x000000009d100000, 0x000000009d200000, 0x000000009d200000|100%| E|CS|TAMS 0x000000009d100000| PB 0x000000009d100000| Complete 
| 466|0x000000009d200000, 0x000000009d300000, 0x000000009d300000|100%| E|CS|TAMS 0x000000009d200000| PB 0x000000009d200000| Complete 
| 467|0x000000009d300000, 0x000000009d400000, 0x000000009d400000|100%| E|CS|TAMS 0x000000009d300000| PB 0x000000009d300000| Complete 
| 468|0x000000009d400000, 0x000000009d500000, 0x000000009d500000|100%| E|CS|TAMS 0x000000009d400000| PB 0x000000009d400000| Complete 
| 469|0x000000009d500000, 0x000000009d600000, 0x000000009d600000|100%| E|CS|TAMS 0x000000009d500000| PB 0x000000009d500000| Complete 
| 470|0x000000009d600000, 0x000000009d700000, 0x000000009d700000|100%| E|CS|TAMS 0x000000009d600000| PB 0x000000009d600000| Complete 
| 471|0x000000009d700000, 0x000000009d800000, 0x000000009d800000|100%| E|CS|TAMS 0x000000009d700000| PB 0x000000009d700000| Complete 
| 472|0x000000009d800000, 0x000000009d900000, 0x000000009d900000|100%| E|CS|TAMS 0x000000009d800000| PB 0x000000009d800000| Complete 
| 473|0x000000009d900000, 0x000000009da00000, 0x000000009da00000|100%| E|CS|TAMS 0x000000009d900000| PB 0x000000009d900000| Complete 
| 474|0x000000009da00000, 0x000000009db00000, 0x000000009db00000|100%| E|CS|TAMS 0x000000009da00000| PB 0x000000009da00000| Complete 
| 475|0x000000009db00000, 0x000000009dc00000, 0x000000009dc00000|100%| E|CS|TAMS 0x000000009db00000| PB 0x000000009db00000| Complete 
| 476|0x000000009dc00000, 0x000000009dd00000, 0x000000009dd00000|100%| E|CS|TAMS 0x000000009dc00000| PB 0x000000009dc00000| Complete 
| 477|0x000000009dd00000, 0x000000009de00000, 0x000000009de00000|100%| E|CS|TAMS 0x000000009dd00000| PB 0x000000009dd00000| Complete 
| 478|0x000000009de00000, 0x000000009df00000, 0x000000009df00000|100%| E|CS|TAMS 0x000000009de00000| PB 0x000000009de00000| Complete 
| 479|0x000000009df00000, 0x000000009e000000, 0x000000009e000000|100%| E|CS|TAMS 0x000000009df00000| PB 0x000000009df00000| Complete 
| 480|0x000000009e000000, 0x000000009e100000, 0x000000009e100000|100%| E|CS|TAMS 0x000000009e000000| PB 0x000000009e000000| Complete 
| 481|0x000000009e100000, 0x000000009e200000, 0x000000009e200000|100%| E|CS|TAMS 0x000000009e100000| PB 0x000000009e100000| Complete 
| 482|0x000000009e200000, 0x000000009e300000, 0x000000009e300000|100%| E|CS|TAMS 0x000000009e200000| PB 0x000000009e200000| Complete 
| 483|0x000000009e300000, 0x000000009e400000, 0x000000009e400000|100%| E|CS|TAMS 0x000000009e300000| PB 0x000000009e300000| Complete 
| 484|0x000000009e400000, 0x000000009e500000, 0x000000009e500000|100%| E|CS|TAMS 0x000000009e400000| PB 0x000000009e400000| Complete 
| 485|0x000000009e500000, 0x000000009e600000, 0x000000009e600000|100%| E|CS|TAMS 0x000000009e500000| PB 0x000000009e500000| Complete 
| 486|0x000000009e600000, 0x000000009e700000, 0x000000009e700000|100%| E|CS|TAMS 0x000000009e600000| PB 0x000000009e600000| Complete 
| 487|0x000000009e700000, 0x000000009e800000, 0x000000009e800000|100%| E|CS|TAMS 0x000000009e700000| PB 0x000000009e700000| Complete 
| 488|0x000000009e800000, 0x000000009e900000, 0x000000009e900000|100%| E|CS|TAMS 0x000000009e800000| PB 0x000000009e800000| Complete 
| 489|0x000000009e900000, 0x000000009ea00000, 0x000000009ea00000|100%| E|CS|TAMS 0x000000009e900000| PB 0x000000009e900000| Complete 
| 490|0x000000009ea00000, 0x000000009eb00000, 0x000000009eb00000|100%| E|CS|TAMS 0x000000009ea00000| PB 0x000000009ea00000| Complete 
| 491|0x000000009eb00000, 0x000000009ec00000, 0x000000009ec00000|100%| E|CS|TAMS 0x000000009eb00000| PB 0x000000009eb00000| Complete 
| 492|0x000000009ec00000, 0x000000009ed00000, 0x000000009ed00000|100%| E|CS|TAMS 0x000000009ec00000| PB 0x000000009ec00000| Complete 
| 493|0x000000009ed00000, 0x000000009ee00000, 0x000000009ee00000|100%| E|CS|TAMS 0x000000009ed00000| PB 0x000000009ed00000| Complete 
| 494|0x000000009ee00000, 0x000000009ef00000, 0x000000009ef00000|100%| E|CS|TAMS 0x000000009ee00000| PB 0x000000009ee00000| Complete 
| 495|0x000000009ef00000, 0x000000009f000000, 0x000000009f000000|100%| E|CS|TAMS 0x000000009ef00000| PB 0x000000009ef00000| Complete 
| 496|0x000000009f000000, 0x000000009f100000, 0x000000009f100000|100%| E|CS|TAMS 0x000000009f000000| PB 0x000000009f000000| Complete 
| 497|0x000000009f100000, 0x000000009f200000, 0x000000009f200000|100%| E|CS|TAMS 0x000000009f100000| PB 0x000000009f100000| Complete 
| 498|0x000000009f200000, 0x000000009f300000, 0x000000009f300000|100%| E|CS|TAMS 0x000000009f200000| PB 0x000000009f200000| Complete 
| 499|0x000000009f300000, 0x000000009f400000, 0x000000009f400000|100%| E|CS|TAMS 0x000000009f300000| PB 0x000000009f300000| Complete 
| 500|0x000000009f400000, 0x000000009f500000, 0x000000009f500000|100%| E|CS|TAMS 0x000000009f400000| PB 0x000000009f400000| Complete 
| 501|0x000000009f500000, 0x000000009f600000, 0x000000009f600000|100%| E|CS|TAMS 0x000000009f500000| PB 0x000000009f500000| Complete 
| 502|0x000000009f600000, 0x000000009f700000, 0x000000009f700000|100%| E|CS|TAMS 0x000000009f600000| PB 0x000000009f600000| Complete 
| 503|0x000000009f700000, 0x000000009f800000, 0x000000009f800000|100%| E|CS|TAMS 0x000000009f700000| PB 0x000000009f700000| Complete 
| 504|0x000000009f800000, 0x000000009f900000, 0x000000009f900000|100%| E|CS|TAMS 0x000000009f800000| PB 0x000000009f800000| Complete 
| 505|0x000000009f900000, 0x000000009fa00000, 0x000000009fa00000|100%| E|CS|TAMS 0x000000009f900000| PB 0x000000009f900000| Complete 
| 506|0x000000009fa00000, 0x000000009fb00000, 0x000000009fb00000|100%| E|CS|TAMS 0x000000009fa00000| PB 0x000000009fa00000| Complete 
| 507|0x000000009fb00000, 0x000000009fc00000, 0x000000009fc00000|100%| E|CS|TAMS 0x000000009fb00000| PB 0x000000009fb00000| Complete 
| 508|0x000000009fc00000, 0x000000009fd00000, 0x000000009fd00000|100%| E|CS|TAMS 0x000000009fc00000| PB 0x000000009fc00000| Complete 
|2040|0x00000000ff800000, 0x00000000ff900000, 0x00000000ff900000|100%| E|CS|TAMS 0x00000000ff800000| PB 0x00000000ff800000| Complete 
|2041|0x00000000ff900000, 0x00000000ffa00000, 0x00000000ffa00000|100%| E|CS|TAMS 0x00000000ff900000| PB 0x00000000ff900000| Complete 
|2042|0x00000000ffa00000, 0x00000000ffb00000, 0x00000000ffb00000|100%| O|  |TAMS 0x00000000ffa00000| PB 0x00000000ffa00000| Untracked 
|2043|0x00000000ffb00000, 0x00000000ffc00000, 0x00000000ffc00000|100%| O|  |TAMS 0x00000000ffb00000| PB 0x00000000ffb00000| Untracked 
|2044|0x00000000ffc00000, 0x00000000ffd00000, 0x00000000ffd00000|100%| E|CS|TAMS 0x00000000ffc00000| PB 0x00000000ffc00000| Complete 
|2045|0x00000000ffd00000, 0x00000000ffe00000, 0x00000000ffe00000|100%| O|  |TAMS 0x00000000ffd00000| PB 0x00000000ffd00000| Untracked 
|2046|0x00000000ffe00000, 0x00000000fff00000, 0x00000000fff00000|100%| O|  |TAMS 0x00000000ffe00000| PB 0x00000000ffe00000| Untracked 
|2047|0x00000000fff00000, 0x0000000100000000, 0x0000000100000000|100%| O|  |TAMS 0x00000000fff00000| PB 0x00000000fff00000| Untracked 

Card table byte_map: [0x00000224965d0000,0x00000224969d0000] _byte_map_base: 0x00000224961d0000

Marking Bits: (CMBitMap*) 0x000002248358c5e0
 Bits: [0x00000224969d0000, 0x00000224989d0000)

Polling page: 0x00000224812f0000

Metaspace:

Usage:
  Non-class:    122.76 MB used.
      Class:     20.33 MB used.
       Both:    143.09 MB used.

Virtual space:
  Non-class space:      128.00 MB reserved,     124.75 MB ( 97%) committed,  2 nodes.
      Class space:      416.00 MB reserved,      22.19 MB (  5%) committed,  1 nodes.
             Both:      544.00 MB reserved,     146.94 MB ( 27%) committed. 

Chunk freelists:
   Non-Class:  3.18 MB
       Class:  9.85 MB
        Both:  13.04 MB

MaxMetaspaceSize: 512.00 MB
CompressedClassSpaceSize: 416.00 MB
Initial GC threshold: 21.00 MB
Current GC threshold: 243.88 MB
CDS: on
 - commit_granule_bytes: 65536.
 - commit_granule_words: 8192.
 - virtual_space_node_default_size: 8388608.
 - enlarge_chunks_in_place: 1.
 - use_allocation_guard: 0.


Internal statistics:

num_allocs_failed_limit: 6.
num_arena_births: 6608.
num_arena_deaths: 352.
num_vsnodes_births: 3.
num_vsnodes_deaths: 0.
num_space_committed: 2351.
num_space_uncommitted: 0.
num_chunks_returned_to_freelist: 513.
num_chunks_taken_from_freelist: 14698.
num_chunk_merges: 155.
num_chunk_splits: 9162.
num_chunks_enlarged: 5516.
num_inconsistent_stats: 0.

CodeHeap 'non-profiled nmethods': size=119168Kb used=14853Kb max_used=14853Kb free=104315Kb
 bounds [0x000002248e2d0000, 0x000002248f160000, 0x0000022495730000]
CodeHeap 'profiled nmethods': size=119104Kb used=36516Kb max_used=38103Kb free=82588Kb
 bounds [0x0000022486730000, 0x0000022488cc0000, 0x000002248db80000]
CodeHeap 'non-nmethods': size=7488Kb used=2873Kb max_used=4586Kb free=4614Kb
 bounds [0x000002248db80000, 0x000002248e070000, 0x000002248e2d0000]
CodeCache: size=245760Kb, used=54242Kb, max_used=57542Kb, free=191517Kb
 total_blobs=19338, nmethods=18223, adapters=1017, full_count=0
Compilation: enabled, stopped_count=0, restarted_count=0

Compilation events (20 events):
Event: 121.664 Thread 0x00000224c8e543e0 24489       1       org.gradle.internal.instrumentation.reporting.PropertyUpgradeReportConfig::isEnabled (5 bytes)
Event: 121.664 Thread 0x00000224c8e543e0 nmethod 24489 0x000002248f14a890 code [0x000002248f14aa20, 0x000002248f14aaf0]
Event: 121.665 Thread 0x00000224c8e543e0 24490       3       org.gradle.internal.resource.ExternalResourceName::encode (311 bytes)
Event: 121.666 Thread 0x00000224c8e53640 24491   !   3       org.gradle.api.internal.file.UriNotationConverter::convert (156 bytes)
Event: 121.666 Thread 0x00000224c8e543e0 nmethod 24490 0x0000022486823990 code [0x0000022486823cc0, 0x0000022486825090]
Event: 121.666 Thread 0x00000224c8e53640 nmethod 24491 0x0000022487495b90 code [0x0000022487495f00, 0x00000224874975c8]
Event: 121.678 Thread 0x00000224c8e54ab0 nmethod 24487 0x000002248f14ab90 code [0x000002248f14afc0, 0x000002248f14cfd8]
Event: 121.687 Thread 0x000002249bbb4ae0 24492       3       com.google.common.cache.LocalCache$WeakValueReference::copyFor (11 bytes)
Event: 121.687 Thread 0x000002249bbb4ae0 nmethod 24492 0x000002248705ad10 code [0x000002248705aee0, 0x000002248705b330]
Event: 121.840 Thread 0x00000224c8e53d10 24493       4       java.util.Spliterators$IteratorSpliterator::forEachRemaining (58 bytes)
Event: 121.844 Thread 0x00000224c8e53d10 nmethod 24493 0x000002248f14f310 code [0x000002248f14f4e0, 0x000002248f14f848]
Event: 121.923 Thread 0x000002249bbb4300 24494       4       org.gradle.internal.component.model.DefaultExternalModuleComponentGraphResolveState$$Lambda/0x000002249d744d48::apply (8 bytes)
Event: 121.923 Thread 0x00000224c8e53d10 24495       4       org.gradle.internal.component.external.model.VariantMetadataRules$$Lambda/0x000002249d7458f0::apply (12 bytes)
Event: 121.926 Thread 0x00000224c8e53d10 nmethod 24495 0x000002248f14fa90 code [0x000002248f14fc80, 0x000002248f150088]
Event: 121.927 Thread 0x000002249bbb4300 nmethod 24494 0x000002248f150390 code [0x000002248f150560, 0x000002248f150a28]
Event: 123.011 Thread 0x000002249bbb4300 24496       4       org.gradle.api.internal.artifacts.ivyservice.modulecache.ModuleComponentAtRepositoryKey::<init> (31 bytes)
Event: 123.013 Thread 0x000002249bbb4300 nmethod 24496 0x000002248f150d10 code [0x000002248f150ec0, 0x000002248f151260]
Event: 123.013 Thread 0x000002249bbb4300 24497       4       org.gradle.api.internal.artifacts.ivyservice.modulecache.InMemoryModuleMetadataCache::get (52 bytes)
Event: 123.034 Thread 0x000002249bbb4ae0 24499       3       org.gradle.api.internal.artifacts.ivyservice.resolveengine.excludes.factories.CachingExcludeFactory$ExcludesKey::equals (56 bytes)
Event: 123.034 Thread 0x000002249bbb4ae0 nmethod 24499 0x00000224870f8110 code [0x00000224870f8300, 0x00000224870f8788]

GC Heap History (20 events):
Event: 90.513 GC heap before
{Heap before GC invocations=69 (full 0):
 garbage-first heap   total 367616K, used 300559K [0x0000000080000000, 0x0000000100000000)
  region size 1024K, 85 young (87040K), 5 survivors (5120K)
 Metaspace       used 137297K, committed 140672K, reserved 557056K
  class space    used 19561K, committed 21248K, reserved 425984K
}
Event: 90.522 GC heap after
{Heap after GC invocations=70 (full 0):
 garbage-first heap   total 367616K, used 234326K [0x0000000080000000, 0x0000000100000000)
  region size 1024K, 11 young (11264K), 11 survivors (11264K)
 Metaspace       used 137297K, committed 140672K, reserved 557056K
  class space    used 19561K, committed 21248K, reserved 425984K
}
Event: 92.281 GC heap before
{Heap before GC invocations=70 (full 0):
 garbage-first heap   total 367616K, used 326486K [0x0000000080000000, 0x0000000100000000)
  region size 1024K, 102 young (104448K), 11 survivors (11264K)
 Metaspace       used 138343K, committed 141888K, reserved 557056K
  class space    used 19704K, committed 21440K, reserved 425984K
}
Event: 92.292 GC heap after
{Heap after GC invocations=71 (full 0):
 garbage-first heap   total 367616K, used 246796K [0x0000000080000000, 0x0000000100000000)
  region size 1024K, 13 young (13312K), 13 survivors (13312K)
 Metaspace       used 138343K, committed 141888K, reserved 557056K
  class space    used 19704K, committed 21440K, reserved 425984K
}
Event: 94.472 GC heap before
{Heap before GC invocations=71 (full 0):
 garbage-first heap   total 367616K, used 328716K [0x0000000080000000, 0x0000000100000000)
  region size 1024K, 94 young (96256K), 13 survivors (13312K)
 Metaspace       used 138676K, committed 142272K, reserved 557056K
  class space    used 19754K, committed 21504K, reserved 425984K
}
Event: 94.482 GC heap after
{Heap after GC invocations=72 (full 0):
 garbage-first heap   total 367616K, used 257686K [0x0000000080000000, 0x0000000100000000)
  region size 1024K, 11 young (11264K), 11 survivors (11264K)
 Metaspace       used 138676K, committed 142272K, reserved 557056K
  class space    used 19754K, committed 21504K, reserved 425984K
}
Event: 97.575 GC heap before
{Heap before GC invocations=73 (full 0):
 garbage-first heap   total 430080K, used 335510K [0x0000000080000000, 0x0000000100000000)
  region size 1024K, 87 young (89088K), 11 survivors (11264K)
 Metaspace       used 138731K, committed 142272K, reserved 557056K
  class space    used 19764K, committed 21504K, reserved 425984K
}
Event: 97.583 GC heap after
{Heap after GC invocations=74 (full 0):
 garbage-first heap   total 430080K, used 265386K [0x0000000080000000, 0x0000000100000000)
  region size 1024K, 9 young (9216K), 9 survivors (9216K)
 Metaspace       used 138731K, committed 142272K, reserved 557056K
  class space    used 19764K, committed 21504K, reserved 425984K
}
Event: 101.954 GC heap before
{Heap before GC invocations=74 (full 0):
 garbage-first heap   total 430080K, used 387242K [0x0000000080000000, 0x0000000100000000)
  region size 1024K, 122 young (124928K), 9 survivors (9216K)
 Metaspace       used 140623K, committed 144384K, reserved 557056K
  class space    used 19965K, committed 21824K, reserved 425984K
}
Event: 101.964 GC heap after
{Heap after GC invocations=75 (full 0):
 garbage-first heap   total 430080K, used 276065K [0x0000000080000000, 0x0000000100000000)
  region size 1024K, 16 young (16384K), 16 survivors (16384K)
 Metaspace       used 140623K, committed 144384K, reserved 557056K
  class space    used 19965K, committed 21824K, reserved 425984K
}
Event: 102.992 GC heap before
{Heap before GC invocations=75 (full 0):
 garbage-first heap   total 430080K, used 338529K [0x0000000080000000, 0x0000000100000000)
  region size 1024K, 79 young (80896K), 16 survivors (16384K)
 Metaspace       used 140737K, committed 144448K, reserved 557056K
  class space    used 19984K, committed 21824K, reserved 425984K
}
Event: 103.000 GC heap after
{Heap after GC invocations=76 (full 0):
 garbage-first heap   total 430080K, used 279831K [0x0000000080000000, 0x0000000100000000)
  region size 1024K, 6 young (6144K), 6 survivors (6144K)
 Metaspace       used 140737K, committed 144448K, reserved 557056K
  class space    used 19984K, committed 21824K, reserved 425984K
}
Event: 105.864 GC heap before
{Heap before GC invocations=77 (full 0):
 garbage-first heap   total 473088K, used 393495K [0x0000000080000000, 0x0000000100000000)
  region size 1024K, 114 young (116736K), 6 survivors (6144K)
 Metaspace       used 140979K, committed 144768K, reserved 557056K
  class space    used 20018K, committed 21888K, reserved 425984K
}
Event: 105.875 GC heap after
{Heap after GC invocations=78 (full 0):
 garbage-first heap   total 473088K, used 291040K [0x0000000080000000, 0x0000000100000000)
  region size 1024K, 14 young (14336K), 14 survivors (14336K)
 Metaspace       used 140979K, committed 144768K, reserved 557056K
  class space    used 20018K, committed 21888K, reserved 425984K
}
Event: 110.870 GC heap before
{Heap before GC invocations=78 (full 0):
 garbage-first heap   total 473088K, used 416992K [0x0000000080000000, 0x0000000100000000)
  region size 1024K, 135 young (138240K), 14 survivors (14336K)
 Metaspace       used 143492K, committed 147328K, reserved 557056K
  class space    used 20417K, committed 22272K, reserved 425984K
}
Event: 110.882 GC heap after
{Heap after GC invocations=79 (full 0):
 garbage-first heap   total 473088K, used 303387K [0x0000000080000000, 0x0000000100000000)
  region size 1024K, 17 young (17408K), 17 survivors (17408K)
 Metaspace       used 143492K, committed 147328K, reserved 557056K
  class space    used 20417K, committed 22272K, reserved 425984K
}
Event: 113.373 GC heap before
{Heap before GC invocations=79 (full 0):
 garbage-first heap   total 473088K, used 427291K [0x0000000080000000, 0x0000000100000000)
  region size 1024K, 139 young (142336K), 17 survivors (17408K)
 Metaspace       used 145980K, committed 149824K, reserved 557056K
  class space    used 20736K, committed 22592K, reserved 425984K
}
Event: 113.385 GC heap after
{Heap after GC invocations=80 (full 0):
 garbage-first heap   total 473088K, used 316843K [0x0000000080000000, 0x0000000100000000)
  region size 1024K, 16 young (16384K), 16 survivors (16384K)
 Metaspace       used 145980K, committed 149824K, reserved 557056K
  class space    used 20736K, committed 22592K, reserved 425984K
}
Event: 114.808 GC heap before
{Heap before GC invocations=81 (full 0):
 garbage-first heap   total 529408K, used 430507K [0x0000000080000000, 0x0000000100000000)
  region size 1024K, 128 young (131072K), 16 survivors (16384K)
 Metaspace       used 145980K, committed 149824K, reserved 557056K
  class space    used 20736K, committed 22592K, reserved 425984K
}
Event: 114.818 GC heap after
{Heap after GC invocations=82 (full 0):
 garbage-first heap   total 529408K, used 320164K [0x0000000080000000, 0x0000000100000000)
  region size 1024K, 5 young (5120K), 5 survivors (5120K)
 Metaspace       used 145980K, committed 149824K, reserved 557056K
  class space    used 20736K, committed 22592K, reserved 425984K
}

Dll operation events (15 events):
Event: 0.009 Loaded shared library C:\Users\CANDRAGNAWN\.vscode\extensions\redhat.java-1.54.0-win32-x64\jre\21.0.10-win32-x86_64\bin\java.dll
Event: 0.061 Loaded shared library C:\Users\CANDRAGNAWN\.vscode\extensions\redhat.java-1.54.0-win32-x64\jre\21.0.10-win32-x86_64\bin\zip.dll
Event: 0.079 Loaded shared library C:\Users\CANDRAGNAWN\.vscode\extensions\redhat.java-1.54.0-win32-x64\jre\21.0.10-win32-x86_64\bin\instrument.dll
Event: 0.083 Loaded shared library C:\Users\CANDRAGNAWN\.vscode\extensions\redhat.java-1.54.0-win32-x64\jre\21.0.10-win32-x86_64\bin\net.dll
Event: 0.086 Loaded shared library C:\Users\CANDRAGNAWN\.vscode\extensions\redhat.java-1.54.0-win32-x64\jre\21.0.10-win32-x86_64\bin\nio.dll
Event: 0.088 Loaded shared library C:\Users\CANDRAGNAWN\.vscode\extensions\redhat.java-1.54.0-win32-x64\jre\21.0.10-win32-x86_64\bin\zip.dll
Event: 0.287 Loaded shared library C:\Users\CANDRAGNAWN\.vscode\extensions\redhat.java-1.54.0-win32-x64\jre\21.0.10-win32-x86_64\bin\jimage.dll
Event: 0.435 Loaded shared library C:\Users\CANDRAGNAWN\.vscode\extensions\redhat.java-1.54.0-win32-x64\jre\21.0.10-win32-x86_64\bin\verify.dll
Event: 0.466 Loaded shared library C:\Users\CANDRAGNAWN\.gradle\native\1def1411415f61bf3af743bc5b6707747c0891f09f0c88961ee8f79bc544acac\windows-amd64\native-platform.dll
Event: 0.476 Loaded shared library C:\Users\CANDRAGNAWN\.gradle\native\0.2.8\x86_64-windows-gnu\gradle-fileevents.dll
Event: 1.244 Loaded shared library C:\Users\CANDRAGNAWN\.vscode\extensions\redhat.java-1.54.0-win32-x64\jre\21.0.10-win32-x86_64\bin\management.dll
Event: 1.247 Loaded shared library C:\Users\CANDRAGNAWN\.vscode\extensions\redhat.java-1.54.0-win32-x64\jre\21.0.10-win32-x86_64\bin\management_ext.dll
Event: 1.388 Loaded shared library C:\Users\CANDRAGNAWN\.vscode\extensions\redhat.java-1.54.0-win32-x64\jre\21.0.10-win32-x86_64\bin\extnet.dll
Event: 1.616 Loaded shared library C:\Users\CANDRAGNAWN\.vscode\extensions\redhat.java-1.54.0-win32-x64\jre\21.0.10-win32-x86_64\bin\sunmscapi.dll
Event: 39.293 Loaded shared library C:\Users\CANDRAGNAWN\.vscode\extensions\redhat.java-1.54.0-win32-x64\jre\21.0.10-win32-x86_64\bin\rmi.dll

Deoptimization events (20 events):
Event: 121.555 Thread 0x00000224bd23f2f0 DEOPT PACKING pc=0x00000224875f4516 sp=0x000000fab0af4280
Event: 121.555 Thread 0x00000224bd23f2f0 DEOPT UNPACKING pc=0x000002248dbd4bc2 sp=0x000000fab0af3798 mode 0
Event: 121.565 Thread 0x00000224bd23f2f0 Uncommon trap: trap_request=0xffffff66 fr.pc=0x000002248ea2df88 relative=0x00000000000000e8
Event: 121.565 Thread 0x00000224bd23f2f0 Uncommon trap: reason=speculate_class_check action=maybe_recompile pc=0x000002248ea2df88 method=java.lang.invoke.LambdaForm$MH/0x000002249d61b000.invoke(Ljava/lang/Object;Ljava/lang/Object;)Ljava/lang/Object; @ 24 c2
Event: 121.565 Thread 0x00000224bd23f2f0 DEOPT PACKING pc=0x000002248ea2df88 sp=0x000000fab0af4150
Event: 121.565 Thread 0x00000224bd23f2f0 DEOPT UNPACKING pc=0x000002248dbd4422 sp=0x000000fab0af40a0 mode 2
Event: 121.565 Thread 0x00000224bd23f2f0 Uncommon trap: trap_request=0xffffff66 fr.pc=0x000002248ea2df88 relative=0x00000000000000e8
Event: 121.565 Thread 0x00000224bd23f2f0 Uncommon trap: reason=speculate_class_check action=maybe_recompile pc=0x000002248ea2df88 method=java.lang.invoke.LambdaForm$MH/0x000002249d61b000.invoke(Ljava/lang/Object;Ljava/lang/Object;)Ljava/lang/Object; @ 24 c2
Event: 121.565 Thread 0x00000224bd23f2f0 DEOPT PACKING pc=0x000002248ea2df88 sp=0x000000fab0af4140
Event: 121.565 Thread 0x00000224bd23f2f0 DEOPT UNPACKING pc=0x000002248dbd4422 sp=0x000000fab0af4090 mode 2
Event: 121.565 Thread 0x00000224bd23f2f0 Uncommon trap: trap_request=0xffffff66 fr.pc=0x000002248ea2df88 relative=0x00000000000000e8
Event: 121.565 Thread 0x00000224bd23f2f0 Uncommon trap: reason=speculate_class_check action=maybe_recompile pc=0x000002248ea2df88 method=java.lang.invoke.LambdaForm$MH/0x000002249d61b000.invoke(Ljava/lang/Object;Ljava/lang/Object;)Ljava/lang/Object; @ 24 c2
Event: 121.565 Thread 0x00000224bd23f2f0 DEOPT PACKING pc=0x000002248ea2df88 sp=0x000000fab0af3cd0
Event: 121.565 Thread 0x00000224bd23f2f0 DEOPT UNPACKING pc=0x000002248dbd4422 sp=0x000000fab0af3c20 mode 2
Event: 121.565 Thread 0x00000224bd23f2f0 Uncommon trap: trap_request=0xffffff66 fr.pc=0x000002248ea2df88 relative=0x00000000000000e8
Event: 121.565 Thread 0x00000224bd23f2f0 Uncommon trap: reason=speculate_class_check action=maybe_recompile pc=0x000002248ea2df88 method=java.lang.invoke.LambdaForm$MH/0x000002249d61b000.invoke(Ljava/lang/Object;Ljava/lang/Object;)Ljava/lang/Object; @ 24 c2
Event: 121.565 Thread 0x00000224bd23f2f0 DEOPT PACKING pc=0x000002248ea2df88 sp=0x000000fab0af3cc0
Event: 121.565 Thread 0x00000224bd23f2f0 DEOPT UNPACKING pc=0x000002248dbd4422 sp=0x000000fab0af3c10 mode 2
Event: 121.640 Thread 0x00000224bd23f2f0 DEOPT PACKING pc=0x0000022488792818 sp=0x000000fab0af4840
Event: 121.640 Thread 0x00000224bd23f2f0 DEOPT UNPACKING pc=0x000002248dbd4bc2 sp=0x000000fab0af3d78 mode 0

Classes loaded (20 events):
Event: 99.991 Loading class java/io/SerializableCustomizer
Event: 99.991 Loading class java/io/SerializableCustomizer done
Event: 99.991 Loading class java/io/SerializableCustomizer
Event: 99.991 Loading class java/io/SerializableCustomizer done
Event: 99.994 Loading class java/lang/ClassBeanInfo
Event: 99.994 Loading class java/lang/ClassBeanInfo done
Event: 99.994 Loading class java/lang/ClassBeanInfo
Event: 99.994 Loading class java/lang/ClassBeanInfo done
Event: 99.994 Loading class java/lang/ClassCustomizer
Event: 99.994 Loading class java/lang/ClassCustomizer done
Event: 99.994 Loading class java/lang/ClassCustomizer
Event: 99.994 Loading class java/lang/ClassCustomizer done
Event: 100.121 Loading class java/lang/invoke/BoundMethodHandle$Species_LLLLILLLLLLLL
Event: 100.121 Loading class java/lang/invoke/BoundMethodHandle$Species_LLLLILLLLLLLL done
Event: 111.730 Loading class java/security/cert/CertificateEncodingException
Event: 111.732 Loading class java/security/cert/CertificateEncodingException done
Event: 111.742 Loading class java/security/NoSuchProviderException
Event: 111.742 Loading class java/security/NoSuchProviderException done
Event: 111.742 Loading class java/security/SignatureException
Event: 111.743 Loading class java/security/SignatureException done

Classes unloaded (20 events):
Event: 68.612 Thread 0x000002249bb86680 Unloading class 0x000002249df4f400 'java/lang/invoke/LambdaForm$MH+0x000002249df4f400'
Event: 68.612 Thread 0x000002249bb86680 Unloading class 0x000002249df4ec00 'java/lang/invoke/LambdaForm$MH+0x000002249df4ec00'
Event: 68.612 Thread 0x000002249bb86680 Unloading class 0x000002249df4e800 'java/lang/invoke/LambdaForm$MH+0x000002249df4e800'
Event: 68.612 Thread 0x000002249bb86680 Unloading class 0x000002249df4e400 'java/lang/invoke/LambdaForm$MH+0x000002249df4e400'
Event: 68.612 Thread 0x000002249bb86680 Unloading class 0x000002249df4dc00 'java/lang/invoke/LambdaForm$MH+0x000002249df4dc00'
Event: 68.612 Thread 0x000002249bb86680 Unloading class 0x000002249df4d800 'java/lang/invoke/LambdaForm$MH+0x000002249df4d800'
Event: 68.612 Thread 0x000002249bb86680 Unloading class 0x000002249df4d400 'java/lang/invoke/LambdaForm$MH+0x000002249df4d400'
Event: 68.612 Thread 0x000002249bb86680 Unloading class 0x000002249df4cc00 'java/lang/invoke/LambdaForm$MH+0x000002249df4cc00'
Event: 68.612 Thread 0x000002249bb86680 Unloading class 0x000002249df4c800 'java/lang/invoke/LambdaForm$MH+0x000002249df4c800'
Event: 68.612 Thread 0x000002249bb86680 Unloading class 0x000002249df4c400 'java/lang/invoke/LambdaForm$MH+0x000002249df4c400'
Event: 68.612 Thread 0x000002249bb86680 Unloading class 0x000002249df4bc00 'java/lang/invoke/LambdaForm$MH+0x000002249df4bc00'
Event: 68.612 Thread 0x000002249bb86680 Unloading class 0x000002249df4b800 'jdk/internal/reflect/GeneratedSerializationConstructorAccessor201'
Event: 68.612 Thread 0x000002249bb86680 Unloading class 0x000002249df4ac00 'jdk/internal/reflect/GeneratedSerializationConstructorAccessor198'
Event: 68.612 Thread 0x000002249bb86680 Unloading class 0x000002249df4a800 'jdk/internal/reflect/GeneratedSerializationConstructorAccessor197'
Event: 68.612 Thread 0x000002249bb86680 Unloading class 0x000002249df4a000 'jdk/internal/reflect/GeneratedSerializationConstructorAccessor195'
Event: 68.612 Thread 0x000002249bb86680 Unloading class 0x000002249df49800 'jdk/internal/reflect/GeneratedSerializationConstructorAccessor193'
Event: 68.612 Thread 0x000002249bb86680 Unloading class 0x000002249df49000 'jdk/internal/reflect/GeneratedSerializationConstructorAccessor190'
Event: 68.612 Thread 0x000002249bb86680 Unloading class 0x000002249df48800 'jdk/internal/reflect/GeneratedSerializationConstructorAccessor189'
Event: 68.612 Thread 0x000002249bb86680 Unloading class 0x000002249df48000 'jdk/internal/reflect/GeneratedSerializationConstructorAccessor187'
Event: 68.612 Thread 0x000002249bb86680 Unloading class 0x000002249df45800 'jdk/internal/reflect/GeneratedSerializationConstructorAccessor185'

Classes redefined (0 events):
No events

Internal exceptions (20 events):
Event: 115.544 Thread 0x00000224bd23f2f0 Exception <a 'java/lang/ClassNotFoundException'{0x000000009df87cd8}: build_86cb7y1ybku3pcjc29xzt3ob1BeanInfo> (0x000000009df87cd8) 
thrown [s\src\hotspot\share\classfile\systemDictionary.cpp, line 312]
Event: 115.544 Thread 0x00000224bd23f2f0 Exception <a 'java/lang/ClassNotFoundException'{0x000000009df93028}: build_86cb7y1ybku3pcjc29xzt3ob1Customizer> (0x000000009df93028) 
thrown [s\src\hotspot\share\classfile\systemDictionary.cpp, line 312]
Event: 120.320 Thread 0x00000224bd23f2f0 Exception <a 'java/lang/ClassNotFoundException'{0x000000009dad0cb0}: build_86cb7y1ybku3pcjc29xzt3ob1$_run_closure1BeanInfo> (0x000000009dad0cb0) 
thrown [s\src\hotspot\share\classfile\systemDictionary.cpp, line 312]
Event: 120.321 Thread 0x00000224bd23f2f0 Exception <a 'java/lang/ClassNotFoundException'{0x000000009dae8008}: build_86cb7y1ybku3pcjc29xzt3ob1$_run_closure1Customizer> (0x000000009dae8008) 
thrown [s\src\hotspot\share\classfile\systemDictionary.cpp, line 312]
Event: 120.336 Thread 0x00000224bd23f2f0 Exception <a 'java/lang/ClassNotFoundException'{0x000000009d9675f0}: build_86cb7y1ybku3pcjc29xzt3ob1$_run_closure1$_closure21$_closure29BeanInfo> (0x000000009d9675f0) 
thrown [s\src\hotspot\share\classfile\systemDictionary.cpp, line 312]
Event: 120.337 Thread 0x00000224bd23f2f0 Exception <a 'java/lang/ClassNotFoundException'{0x000000009d982058}: build_86cb7y1ybku3pcjc29xzt3ob1$_run_closure1$_closure21$_closure29Customizer> (0x000000009d982058) 
thrown [s\src\hotspot\share\classfile\systemDictionary.cpp, line 312]
Event: 120.338 Thread 0x00000224bd23f2f0 Exception <a 'java/lang/ClassNotFoundException'{0x000000009d9baa00}: build_86cb7y1ybku3pcjc29xzt3ob1$_run_closure1$_closure21BeanInfo> (0x000000009d9baa00) 
thrown [s\src\hotspot\share\classfile\systemDictionary.cpp, line 312]
Event: 120.338 Thread 0x00000224bd23f2f0 Exception <a 'java/lang/ClassNotFoundException'{0x000000009d9d4fc8}: build_86cb7y1ybku3pcjc29xzt3ob1$_run_closure1$_closure21Customizer> (0x000000009d9d4fc8) 
thrown [s\src\hotspot\share\classfile\systemDictionary.cpp, line 312]
Event: 120.340 Thread 0x00000224bd23f2f0 Exception <a 'java/lang/NoSuchMethodError'{0x000000009d80be60}: 'java.lang.Object java.lang.invoke.Invokers$Holder.linkToCallSite(java.lang.Object, java.lang.Object, java.lang.Object, java.lang.Object, java.lang.Object, java.lang.Object, java.lang.Object, java.lang.Object, java.lang.Object, java.lang.Object, java.lang.Object, java.lang.Object)'> (0x000000009d80be60) 
thrown [s\src\hotspot\share\interpreter\linkResolver.cpp, line 773]
Event: 120.341 Thread 0x00000224bd23f2f0 Exception <a 'java/lang/NoSuchMethodError'{0x000000009d820890}: 'java.lang.Object java.lang.invoke.DelegatingMethodHandle$Holder.delegate(java.lang.Object, java.lang.Object, java.lang.Object, java.lang.Object, java.lang.Object, java.lang.Object, java.lang.Object, java.lang.Object, java.lang.Object, java.lang.Object, java.lang.Object, java.lang.Object, java.lang.Object)'> (0x000000009d820890) 
thrown [s\src\hotspot\share\interpreter\linkResolver.cpp, line 773]
Event: 120.341 Thread 0x00000224bd23f2f0 Exception <a 'java/lang/NoSuchMethodError'{0x000000009d82ffd0}: 'int java.lang.invoke.DirectMethodHandle$Holder.invokeSpecial(java.lang.Object, java.lang.Object, java.lang.Object, java.lang.Object, java.lang.Object, java.lang.Object, java.lang.Object, java.lang.Object, java.lang.Object, java.lang.Object, java.lang.Object, java.lang.Object, java.lang.Object)'> (0x000000009d82ffd0) 
thrown [s\src\hotspot\share\interpreter\linkResolver.cpp, line 773]
Event: 121.484 Thread 0x00000224bd23f2f0 Implicit null exception at 0x000002248f129a6d to 0x000002248f129bfc
Event: 121.530 Thread 0x00000224bd23f2f0 Implicit null exception at 0x000002248f1377c5 to 0x000002248f137920
Event: 121.535 Thread 0x00000224bd23f2f0 Implicit null exception at 0x000002248f138468 to 0x000002248f13860d
Event: 121.598 Thread 0x00000224bd23f2f0 Exception <a 'java/lang/ClassNotFoundException'{0x000000009c948c38}: com/android/build/gradle/tasks/ExternalNativeBuildTask_DecoratedBeanInfo> (0x000000009c948c38) 
thrown [s\src\hotspot\share\classfile\systemDictionary.cpp, line 312]
Event: 121.598 Thread 0x00000224bd23f2f0 Exception <a 'java/lang/ClassNotFoundException'{0x000000009c964880}: com/android/build/gradle/tasks/ExternalNativeBuildTaskBeanInfo> (0x000000009c964880) 
thrown [s\src\hotspot\share\classfile\systemDictionary.cpp, line 312]
Event: 121.599 Thread 0x00000224bd23f2f0 Exception <a 'java/lang/ClassNotFoundException'{0x000000009c980848}: com/android/build/gradle/tasks/ExternalNativeBuildTaskCustomizer> (0x000000009c980848) 
thrown [s\src\hotspot\share\classfile\systemDictionary.cpp, line 312]
Event: 121.600 Thread 0x00000224bd23f2f0 Exception <a 'java/lang/ClassNotFoundException'{0x000000009c9af028}: com/android/build/gradle/tasks/ExternalNativeBuildTask_DecoratedCustomizer> (0x000000009c9af028) 
thrown [s\src\hotspot\share\classfile\systemDictionary.cpp, line 312]
Event: 121.640 Thread 0x00000224bd23f2f0 Exception <a 'java/lang/ClassNotFoundException'{0x000000009c8a6d28}: build_4qvqp4fmci35o8h410if8v7oBeanInfo> (0x000000009c8a6d28) 
thrown [s\src\hotspot\share\classfile\systemDictionary.cpp, line 312]
Event: 121.640 Thread 0x00000224bd23f2f0 Exception <a 'java/lang/ClassNotFoundException'{0x000000009c8b20c8}: build_4qvqp4fmci35o8h410if8v7oCustomizer> (0x000000009c8b20c8) 
thrown [s\src\hotspot\share\classfile\systemDictionary.cpp, line 312]

ZGC Phase Switch (0 events):
No events

VM Operations (20 events):
Event: 114.209 Executing safepoint VM operation: G1PauseCleanup
Event: 114.209 Executing safepoint VM operation: G1PauseCleanup done
Event: 114.808 Executing safepoint VM operation: G1CollectForAllocation (G1 Evacuation Pause)
Event: 114.818 Executing safepoint VM operation: G1CollectForAllocation (G1 Evacuation Pause) done
Event: 115.818 Executing safepoint VM operation: Cleanup
Event: 115.818 Executing safepoint VM operation: Cleanup done
Event: 118.820 Executing safepoint VM operation: Cleanup
Event: 118.820 Executing safepoint VM operation: Cleanup done
Event: 119.821 Executing safepoint VM operation: Cleanup
Event: 119.821 Executing safepoint VM operation: Cleanup done
Event: 120.381 Executing non-safepoint VM operation: HandshakeAllThreads (HandshakeForDeflation)
Event: 120.381 Executing non-safepoint VM operation: HandshakeAllThreads (HandshakeForDeflation) done
Event: 120.381 Executing non-safepoint VM operation: RendezvousGCThreads
Event: 120.381 Executing non-safepoint VM operation: RendezvousGCThreads done
Event: 121.382 Executing safepoint VM operation: Cleanup
Event: 121.382 Executing safepoint VM operation: Cleanup done
Event: 122.382 Executing safepoint VM operation: Cleanup
Event: 122.382 Executing safepoint VM operation: Cleanup done
Event: 123.383 Executing safepoint VM operation: Cleanup
Event: 123.383 Executing safepoint VM operation: Cleanup done

Memory protections (0 events):
No events

Nmethod flushes (20 events):
Event: 113.578 Thread 0x000002249bb86680 flushing  nmethod 0x00000224869c3790
Event: 113.578 Thread 0x000002249bb86680 flushing  nmethod 0x0000022486c48610
Event: 113.578 Thread 0x000002249bb86680 flushing  nmethod 0x0000022486e87b10
Event: 113.578 Thread 0x000002249bb86680 flushing  nmethod 0x0000022486e89b90
Event: 113.578 Thread 0x000002249bb86680 flushing  nmethod 0x00000224871b9e90
Event: 113.578 Thread 0x000002249bb86680 flushing  nmethod 0x0000022487245690
Event: 113.578 Thread 0x000002249bb86680 flushing  nmethod 0x00000224872f4690
Event: 113.578 Thread 0x000002249bb86680 flushing  nmethod 0x0000022487381090
Event: 113.578 Thread 0x000002249bb86680 flushing  nmethod 0x0000022487443890
Event: 113.578 Thread 0x000002249bb86680 flushing  nmethod 0x0000022487445810
Event: 113.578 Thread 0x000002249bb86680 flushing  nmethod 0x0000022487483790
Event: 113.578 Thread 0x000002249bb86680 flushing  nmethod 0x00000224875ec410
Event: 113.578 Thread 0x000002249bb86680 flushing  nmethod 0x0000022487745710
Event: 113.578 Thread 0x000002249bb86680 flushing  nmethod 0x00000224877c0490
Event: 113.578 Thread 0x000002249bb86680 flushing  nmethod 0x0000022487810b10
Event: 113.578 Thread 0x000002249bb86680 flushing  nmethod 0x00000224879b7590
Event: 113.578 Thread 0x000002249bb86680 flushing  nmethod 0x0000022487d65310
Event: 113.578 Thread 0x000002249bb86680 flushing  nmethod 0x0000022487c95d10
Event: 113.578 Thread 0x000002249bb86680 flushing  nmethod 0x000002248832ad90
Event: 113.578 Thread 0x000002249bb86680 flushing  nmethod 0x0000022488b5b890

Events (20 events):
Event: 113.131 Thread 0x000002249bbb4300 Thread added: 0x00000224c8e52f70
Event: 113.512 Thread 0x00000224c8e52f70 Thread exited: 0x00000224c8e52f70
Event: 114.872 Thread 0x00000224c09bc910 Thread exited: 0x00000224c09bc910
Event: 115.141 Thread 0x000002249bbb4ae0 Thread added: 0x00000224c8e54ab0
Event: 115.250 Thread 0x000002249bbb4ae0 Thread added: 0x00000224c8e543e0
Event: 115.273 Thread 0x00000224c09bc280 Thread exited: 0x00000224c09bc280
Event: 116.014 Thread 0x00000224c8e543e0 Thread exited: 0x00000224c8e543e0
Event: 116.281 Thread 0x00000224c8e54ab0 Thread exited: 0x00000224c8e54ab0
Event: 116.595 Thread 0x00000224c1ae86e0 Thread exited: 0x00000224c1ae86e0
Event: 118.575 Thread 0x00000224c1ae5260 Thread exited: 0x00000224c1ae5260
Event: 121.518 Thread 0x000002249bbb4ae0 Thread added: 0x00000224c8e53640
Event: 121.518 Thread 0x000002249bbb4ae0 Thread added: 0x00000224c8e543e0
Event: 121.518 Thread 0x000002249bbb4ae0 Thread added: 0x00000224c8e52f70
Event: 121.540 Thread 0x00000224c8e52f70 Thread added: 0x00000224c8e53d10
Event: 121.550 Thread 0x000002249bbb4ae0 Thread added: 0x00000224c8e54ab0
Event: 121.841 Thread 0x00000224c8e54ab0 Thread exited: 0x00000224c8e54ab0
Event: 123.011 Thread 0x00000224c8e52f70 Thread exited: 0x00000224c8e52f70
Event: 123.011 Thread 0x00000224c8e53d10 Thread exited: 0x00000224c8e53d10
Event: 123.011 Thread 0x00000224c8e543e0 Thread exited: 0x00000224c8e543e0
Event: 123.011 Thread 0x00000224c8e53640 Thread exited: 0x00000224c8e53640


Dynamic libraries:
0x00007ff7bb3f0000 - 0x00007ff7bb3fe000 	C:\Users\CANDRAGNAWN\.vscode\extensions\redhat.java-1.54.0-win32-x64\jre\21.0.10-win32-x86_64\bin\java.exe
0x00007ffb35f40000 - 0x00007ffb361a7000 	C:\WINDOWS\SYSTEM32\ntdll.dll
0x00007ffb352d0000 - 0x00007ffb35399000 	C:\WINDOWS\System32\KERNEL32.DLL
0x00007ffb33790000 - 0x00007ffb33b87000 	C:\WINDOWS\System32\KERNELBASE.dll
0x00007ffb33560000 - 0x00007ffb336ab000 	C:\WINDOWS\System32\ucrtbase.dll
0x00007ffa20a10000 - 0x00007ffa20a2e000 	C:\Users\CANDRAGNAWN\.vscode\extensions\redhat.java-1.54.0-win32-x64\jre\21.0.10-win32-x86_64\bin\VCRUNTIME140.dll
0x00007ffa1efb0000 - 0x00007ffa1efc8000 	C:\Users\CANDRAGNAWN\.vscode\extensions\redhat.java-1.54.0-win32-x64\jre\21.0.10-win32-x86_64\bin\jli.dll
0x00007ffb357a0000 - 0x00007ffb35966000 	C:\WINDOWS\System32\USER32.dll
0x00007ffb0e910000 - 0x00007ffb0eba2000 	C:\WINDOWS\WinSxS\amd64_microsoft.windows.common-controls_6595b64144ccf1df_6.0.26100.8457_none_3e0b2faee331e92d\COMCTL32.dll
0x00007ffb33760000 - 0x00007ffb33787000 	C:\WINDOWS\System32\win32u.dll
0x00007ffb350c0000 - 0x00007ffb35169000 	C:\WINDOWS\System32\msvcrt.dll
0x00007ffb33cc0000 - 0x00007ffb33ceb000 	C:\WINDOWS\System32\GDI32.dll
0x00007ffb33b90000 - 0x00007ffb33cbc000 	C:\WINDOWS\System32\gdi32full.dll
0x00007ffb32c40000 - 0x00007ffb32ce3000 	C:\WINDOWS\System32\msvcp_win.dll
0x00007ffb34aa0000 - 0x00007ffb34ad2000 	C:\WINDOWS\System32\IMM32.DLL
0x00007ffa76840000 - 0x00007ffa7684c000 	C:\Users\CANDRAGNAWN\.vscode\extensions\redhat.java-1.54.0-win32-x64\jre\21.0.10-win32-x86_64\bin\vcruntime140_1.dll
0x00007ffa1eb40000 - 0x00007ffa1ebcd000 	C:\Users\CANDRAGNAWN\.vscode\extensions\redhat.java-1.54.0-win32-x64\jre\21.0.10-win32-x86_64\bin\msvcp140.dll
0x00007ff9f3da0000 - 0x00007ff9f4b41000 	C:\Users\CANDRAGNAWN\.vscode\extensions\redhat.java-1.54.0-win32-x64\jre\21.0.10-win32-x86_64\bin\server\jvm.dll
0x00007ffb33cf0000 - 0x00007ffb33da6000 	C:\WINDOWS\System32\ADVAPI32.dll
0x00007ffb356f0000 - 0x00007ffb35797000 	C:\WINDOWS\System32\sechost.dll
0x00007ffb35410000 - 0x00007ffb35528000 	C:\WINDOWS\System32\RPCRT4.dll
0x00007ffb33e10000 - 0x00007ffb33e90000 	C:\WINDOWS\System32\WS2_32.dll
0x00007ffb32260000 - 0x00007ffb322be000 	C:\WINDOWS\SYSTEM32\POWRPROF.dll
0x00007ffb1e2f0000 - 0x00007ffb1e2fb000 	C:\WINDOWS\SYSTEM32\VERSION.dll
0x00007ffb2d8d0000 - 0x00007ffb2d906000 	C:\WINDOWS\SYSTEM32\WINMM.dll
0x00007ffb32240000 - 0x00007ffb32254000 	C:\WINDOWS\SYSTEM32\UMPDC.dll
0x00007ffb316e0000 - 0x00007ffb316fb000 	C:\WINDOWS\SYSTEM32\kernel.appcore.dll
0x00007ffa50500000 - 0x00007ffa5050a000 	C:\Users\CANDRAGNAWN\.vscode\extensions\redhat.java-1.54.0-win32-x64\jre\21.0.10-win32-x86_64\bin\jimage.dll
0x00007ffb302e0000 - 0x00007ffb30522000 	C:\WINDOWS\SYSTEM32\DBGHELP.DLL
0x00007ffb34710000 - 0x00007ffb34a93000 	C:\WINDOWS\System32\combase.dll
0x00007ffb34f90000 - 0x00007ffb35069000 	C:\WINDOWS\System32\OLEAUT32.dll
0x00007ffaec8e0000 - 0x00007ffaec91b000 	C:\WINDOWS\SYSTEM32\dbgcore.DLL
0x00007ffb336b0000 - 0x00007ffb33758000 	C:\WINDOWS\System32\bcryptPrimitives.dll
0x00007ffaec880000 - 0x00007ffaec88f000 	C:\Users\CANDRAGNAWN\.vscode\extensions\redhat.java-1.54.0-win32-x64\jre\21.0.10-win32-x86_64\bin\instrument.dll
0x00007ffa1ef90000 - 0x00007ffa1efb0000 	C:\Users\CANDRAGNAWN\.vscode\extensions\redhat.java-1.54.0-win32-x64\jre\21.0.10-win32-x86_64\bin\java.dll
0x00007ffb33ea0000 - 0x00007ffb3460e000 	C:\WINDOWS\System32\SHELL32.dll
0x00007ffb32cf0000 - 0x00007ffb3355c000 	C:\WINDOWS\System32\windows.storage.dll
0x00007ffb35970000 - 0x00007ffb35a66000 	C:\WINDOWS\System32\SHCORE.dll
0x00007ffb353a0000 - 0x00007ffb35406000 	C:\WINDOWS\System32\shlwapi.dll
0x00007ffb32890000 - 0x00007ffb328b9000 	C:\WINDOWS\SYSTEM32\profapi.dll
0x00007ffa1ef70000 - 0x00007ffa1ef88000 	C:\Users\CANDRAGNAWN\.vscode\extensions\redhat.java-1.54.0-win32-x64\jre\21.0.10-win32-x86_64\bin\zip.dll
0x00007ffa4d3d0000 - 0x00007ffa4d3e0000 	C:\Users\CANDRAGNAWN\.vscode\extensions\redhat.java-1.54.0-win32-x64\jre\21.0.10-win32-x86_64\bin\net.dll
0x00007ffb27ea0000 - 0x00007ffb27fc9000 	C:\WINDOWS\SYSTEM32\WINHTTP.dll
0x00007ffb31c70000 - 0x00007ffb31cdc000 	C:\WINDOWS\system32\mswsock.dll
0x00007ffa1ef50000 - 0x00007ffa1ef66000 	C:\Users\CANDRAGNAWN\.vscode\extensions\redhat.java-1.54.0-win32-x64\jre\21.0.10-win32-x86_64\bin\nio.dll
0x00007ffa4b590000 - 0x00007ffa4b5a0000 	C:\Users\CANDRAGNAWN\.vscode\extensions\redhat.java-1.54.0-win32-x64\jre\21.0.10-win32-x86_64\bin\verify.dll
0x00007ffa91320000 - 0x00007ffa91347000 	C:\Users\CANDRAGNAWN\.gradle\native\1def1411415f61bf3af743bc5b6707747c0891f09f0c88961ee8f79bc544acac\windows-amd64\native-platform.dll
0x00007ffa4b620000 - 0x00007ffa4b697000 	C:\Users\CANDRAGNAWN\.gradle\native\0.2.8\x86_64-windows-gnu\gradle-fileevents.dll
0x00007ffa4b6b0000 - 0x00007ffa4b6ba000 	C:\Users\CANDRAGNAWN\.vscode\extensions\redhat.java-1.54.0-win32-x64\jre\21.0.10-win32-x86_64\bin\management.dll
0x00007ffa4b6a0000 - 0x00007ffa4b6ac000 	C:\Users\CANDRAGNAWN\.vscode\extensions\redhat.java-1.54.0-win32-x64\jre\21.0.10-win32-x86_64\bin\management_ext.dll
0x00007ffb33db0000 - 0x00007ffb33db8000 	C:\WINDOWS\System32\PSAPI.DLL
0x00007ffb310b0000 - 0x00007ffb310e2000 	C:\WINDOWS\SYSTEM32\IPHLPAPI.DLL
0x00007ffb34c80000 - 0x00007ffb34c8a000 	C:\WINDOWS\System32\NSI.dll
0x00007ffa46140000 - 0x00007ffa46149000 	C:\Users\CANDRAGNAWN\.vscode\extensions\redhat.java-1.54.0-win32-x64\jre\21.0.10-win32-x86_64\bin\extnet.dll
0x00007ffb31f50000 - 0x00007ffb31f6b000 	C:\WINDOWS\SYSTEM32\CRYPTSP.dll
0x00007ffb31630000 - 0x00007ffb31669000 	C:\WINDOWS\system32\rsaenh.dll
0x00007ffb31d20000 - 0x00007ffb31d53000 	C:\WINDOWS\SYSTEM32\USERENV.dll
0x00007ffb32860000 - 0x00007ffb3288a000 	C:\WINDOWS\SYSTEM32\bcrypt.dll
0x00007ffb31f70000 - 0x00007ffb31f7c000 	C:\WINDOWS\SYSTEM32\CRYPTBASE.dll
0x00007ffa46150000 - 0x00007ffa4615e000 	C:\Users\CANDRAGNAWN\.vscode\extensions\redhat.java-1.54.0-win32-x64\jre\21.0.10-win32-x86_64\bin\sunmscapi.dll
0x00007ffb32a30000 - 0x00007ffb32ba8000 	C:\WINDOWS\System32\CRYPT32.dll
0x00007ffb32200000 - 0x00007ffb32230000 	C:\WINDOWS\SYSTEM32\ncrypt.dll
0x00007ffb321b0000 - 0x00007ffb321ef000 	C:\WINDOWS\SYSTEM32\NTASN1.dll
0x00007ffae7140000 - 0x00007ffae7148000 	C:\WINDOWS\system32\wshunix.dll
0x00007ffb21700000 - 0x00007ffb21707000 	C:\Users\CANDRAGNAWN\.vscode\extensions\redhat.java-1.54.0-win32-x64\jre\21.0.10-win32-x86_64\bin\rmi.dll

JVMTI agents:
C:\Users\CANDRAGNAWN\.gradle\wrapper\dists\gradle-9.0.0-bin\d6wjpkvcgsg3oed0qlfss3wgl\gradle-9.0.0\lib\agents\gradle-instrumentation-agent-9.0.0.jar path:C:\Users\CANDRAGNAWN\.vscode\extensions\redhat.java-1.54.0-win32-x64\jre\21.0.10-win32-x86_64\bin\instrument.dll, loaded, initialized, instrumentlib options:none

dbghelp: loaded successfully - version: 4.0.5 - missing functions: none
symbol engine: initialized successfully - sym options: 0x614 - pdb path: .;C:\Users\CANDRAGNAWN\.vscode\extensions\redhat.java-1.54.0-win32-x64\jre\21.0.10-win32-x86_64\bin;C:\WINDOWS\SYSTEM32;C:\WINDOWS\WinSxS\amd64_microsoft.windows.common-controls_6595b64144ccf1df_6.0.26100.8457_none_3e0b2faee331e92d;C:\Users\CANDRAGNAWN\.vscode\extensions\redhat.java-1.54.0-win32-x64\jre\21.0.10-win32-x86_64\bin\server;C:\Users\CANDRAGNAWN\.gradle\native\1def1411415f61bf3af743bc5b6707747c0891f09f0c88961ee8f79bc544acac\windows-amd64;C:\Users\CANDRAGNAWN\.gradle\native\0.2.8\x86_64-windows-gnu

VM Arguments:
jvm_args: --add-opens=java.base/java.lang=ALL-UNNAMED --add-opens=java.base/java.lang.invoke=ALL-UNNAMED --add-opens=java.base/java.util=ALL-UNNAMED --add-opens=java.prefs/java.util.prefs=ALL-UNNAMED --add-exports=jdk.compiler/com.sun.tools.javac.api=ALL-UNNAMED --add-exports=jdk.compiler/com.sun.tools.javac.util=ALL-UNNAMED --add-opens=java.base/java.util=ALL-UNNAMED --add-opens=java.prefs/java.util.prefs=ALL-UNNAMED --add-opens=java.base/java.nio.charset=ALL-UNNAMED --add-opens=java.base/java.net=ALL-UNNAMED --add-opens=java.base/java.util.concurrent=ALL-UNNAMED --add-opens=java.base/java.util.concurrent.atomic=ALL-UNNAMED --add-opens=java.xml/javax.xml.namespace=ALL-UNNAMED -XX:MaxMetaspaceSize=512m -Xmx2048m -Dfile.encoding=UTF-8 -Duser.country=ID -Duser.language=en -Duser.variant -javaagent:C:\Users\CANDRAGNAWN\.gradle\wrapper\dists\gradle-9.0.0-bin\d6wjpkvcgsg3oed0qlfss3wgl\gradle-9.0.0\lib\agents\gradle-instrumentation-agent-9.0.0.jar 
java_command: org.gradle.launcher.daemon.bootstrap.GradleDaemon 9.0.0
java_class_path (initial): C:\Users\CANDRAGNAWN\.gradle\wrapper\dists\gradle-9.0.0-bin\d6wjpkvcgsg3oed0qlfss3wgl\gradle-9.0.0\lib\gradle-daemon-main-9.0.0.jar
Launcher Type: SUN_STANDARD

[Global flags]
     intx CICompilerCount                          = 12                                        {product} {ergonomic}
   size_t CompressedClassSpaceSize                 = 436207616                                 {product} {ergonomic}
     uint ConcGCThreads                            = 4                                         {product} {ergonomic}
     uint G1ConcRefinementThreads                  = 15                                        {product} {ergonomic}
   size_t G1HeapRegionSize                         = 1048576                                   {product} {ergonomic}
    uintx GCDrainStackTargetSize                   = 64                                        {product} {ergonomic}
   size_t InitialHeapSize                          = 197132288                                 {product} {ergonomic}
   size_t MarkStackSize                            = 4194304                                   {product} {ergonomic}
   size_t MaxHeapSize                              = 2147483648                                {product} {command line}
   size_t MaxMetaspaceSize                         = 536870912                                 {product} {command line}
   size_t MaxNewSize                               = 1287651328                                {product} {ergonomic}
   size_t MinHeapDeltaBytes                        = 1048576                                   {product} {ergonomic}
   size_t MinHeapSize                              = 8388608                                   {product} {ergonomic}
    uintx NonNMethodCodeHeapSize                   = 7602480                                {pd product} {ergonomic}
    uintx NonProfiledCodeHeapSize                  = 122027880                              {pd product} {ergonomic}
    uintx ProfiledCodeHeapSize                     = 122027880                              {pd product} {ergonomic}
    uintx ReservedCodeCacheSize                    = 251658240                              {pd product} {ergonomic}
     bool SegmentedCodeCache                       = true                                      {product} {ergonomic}
   size_t SoftMaxHeapSize                          = 2147483648                             {manageable} {ergonomic}
     bool UseCompressedOops                        = true                           {product lp64_product} {ergonomic}
     bool UseG1GC                                  = true                                      {product} {ergonomic}
     bool UseLargePagesIndividualAllocation        = false                                  {pd product} {ergonomic}

Logging:
Log output configuration:
 #0: stdout all=warning uptime,level,tags foldmultilines=false
 #1: stderr all=off uptime,level,tags foldmultilines=false

Release file:
JAVA_VERSION="21.0.10" 
MODULES="java.base java.compiler java.datatransfer java.xml java.prefs java.desktop java.instrument java.logging java.management java.security.sasl java.naming java.rmi java.management.rmi java.net.http java.scripting java.security.jgss java.transaction.xa java.sql java.sql.rowset java.xml.crypto java.se java.smartcardio jdk.accessibility jdk.internal.jvmstat jdk.attach jdk.charsets jdk.internal.opt jdk.zipfs jdk.compiler jdk.crypto.ec jdk.crypto.cryptoki jdk.crypto.mscapi jdk.dynalink jdk.internal.ed jdk.editpad jdk.hotspot.agent jdk.httpserver jdk.internal.le jdk.internal.vm.ci jdk.internal.vm.compiler jdk.internal.vm.compiler.management jdk.jartool jdk.javadoc jdk.jcmd jdk.management jdk.management.agent jdk.jconsole jdk.jdeps jdk.jdwp.agent jdk.jdi jdk.jfr jdk.jshell jdk.jsobject jdk.jstatd jdk.localedata jdk.management.jfr jdk.naming.dns jdk.naming.rmi jdk.net jdk.nio.mapmode jdk.random jdk.sctp jdk.security.auth jdk.security.jgss jdk.unsupported jdk.unsupported.desktop jdk.xml.dom" 

Environment Variables:
JAVA_HOME=C:\Program Files\BellSoft\LibericaJDK-21-Full\
PATH=C:\Users\CANDRAGNAWN\AppData\Local\Programs\Microsoft VS Code;C:\Program Files\BellSoft\LibericaJDK-21-Full\bin\;C:\Program Files\Common Files\Oracle\Java\javapath;C:\Program Files (x86)\Common Files\Intel\Shared Libraries\redist\intel64\compiler;C:\WINDOWS\system32;C:\WINDOWS;C:\WINDOWS\System32\Wbem;C:\WINDOWS\System32\WindowsPowerShell\v1.0\;C:\WINDOWS\System32\OpenSSH\;C:\Program Files\NVIDIA Corporation\NVIDIA NvDLISR;C:\Users\CANDRAGNAWN\Downloads\mingw-w64-v11.0.0;C:\MinGW\bin;C:\ProgramData\chocolatey\bin;C:\Program Files\Git\cmd;C:\xampp\php;C:\Program Files\Docker\Docker\resources\bin;C:\Program Files\NVIDIA Corporation\NVIDIA App\NvDLISR;C:\Program Files (x86)\NVIDIA Corporation\PhysX\Common;%NVM_HOME%;%NVM_SYMLINK%;C:\Users\CANDRAGNAWN\AppData\Local\Programs\Python\Python312\Scripts\;C:\Users\CANDRAGNAWN\AppData\Local\Programs\Python\Python312\;C:\Program Files\MySQL\MySQL Shell 8.0\bin\;C:\Users\CANDRAGNAWN\AppData\Local\Programs\Python\Python313\Scripts\;C:\Users\CANDRAGNAWN\AppData\Local\Programs\Python\Python313\;C:\Users\CANDRAGNAWN\AppData\Local\Programs\Python\Python311\Scripts\;C:\Users\CANDRAGNAWN\AppData\Local\Programs\Python\Python311\;C:\Wincupl\WINCUPL\EXE;C:\Wincupl\WINCUPL\FITTERS;C:\Users\CANDRAGNAWN\AppData\Local\spicetify;C:\Users\CANDRAGNAWN\AppData\Local\Microsoft\WindowsApps;C:\Users\CANDRAGNAWN\AppData\Local\Programs\Microsoft VS Code\bin;C:\Users\CANDRAGNAWN\AppData\Local\Python\bin;C:\bin;C:\Users\CANDRAGNAWN\AppData\Roaming\npm;C:\Users\CANDRAGNAWN\AppData\Local\nvm;C:\nvm4w\nodejs;C:\Users\CANDRAGNAWN\AppData\Local\Programs\Antigravity\bin
USERNAME=CANDRAGNAWN
OS=Windows_NT
PROCESSOR_IDENTIFIER=Intel64 Family 6 Model 183 Stepping 1, GenuineIntel
TMP=C:\Users\CANDRA~1\AppData\Local\Temp
TEMP=C:\Users\CANDRA~1\AppData\Local\Temp




Periodic native trim disabled

---------------  S Y S T E M  ---------------

OS:
 Windows 11 , 64 bit Build 26100 (10.0.26100.8328)
OS uptime: 0 days 20:54 hours
Hyper-V role detected

CPU: total 20 (initial active 20) (10 cores per cpu, 2 threads per core) family 6 model 183 stepping 1 microcode 0x12e, cx8, cmov, fxsr, ht, mmx, 3dnowpref, sse, sse2, sse3, ssse3, sse4.1, sse4.2, popcnt, lzcnt, tsc, tscinvbit, avx, avx2, aes, erms, clmul, bmi1, bmi2, adx, sha, fma, vzeroupper, clflush, clflushopt, clwb, hv, serialize, rdtscp, rdpid, fsrm, f16c, cet_ibt, cet_ss
Processor Information for processor 0
  Max Mhz: 2600, Current Mhz: 1496, Mhz Limit: 2600
Processor Information for processor 1
  Max Mhz: 2600, Current Mhz: 2600, Mhz Limit: 2600
Processor Information for processor 2
  Max Mhz: 2600, Current Mhz: 2600, Mhz Limit: 2600
Processor Information for processor 3
  Max Mhz: 2600, Current Mhz: 2600, Mhz Limit: 2600
Processor Information for processor 4
  Max Mhz: 2600, Current Mhz: 2600, Mhz Limit: 2600
Processor Information for processor 5
  Max Mhz: 2600, Current Mhz: 2600, Mhz Limit: 2600
Processor Information for processor 6
  Max Mhz: 2600, Current Mhz: 2600, Mhz Limit: 2600
Processor Information for processor 7
  Max Mhz: 2600, Current Mhz: 2600, Mhz Limit: 2600
Processor Information for processor 8
  Max Mhz: 2600, Current Mhz: 2600, Mhz Limit: 2600
Processor Information for processor 9
  Max Mhz: 2600, Current Mhz: 2600, Mhz Limit: 2600
Processor Information for processor 10
  Max Mhz: 2600, Current Mhz: 2600, Mhz Limit: 2600
Processor Information for processor 11
  Max Mhz: 2600, Current Mhz: 2600, Mhz Limit: 2600
Processor Information for processor 12
  Max Mhz: 2600, Current Mhz: 2600, Mhz Limit: 2600
Processor Information for processor 13
  Max Mhz: 2600, Current Mhz: 2600, Mhz Limit: 2600
Processor Information for processor 14
  Max Mhz: 2600, Current Mhz: 1505, Mhz Limit: 2600
Processor Information for processor 15
  Max Mhz: 2600, Current Mhz: 2600, Mhz Limit: 2600
Processor Information for processor 16
  Max Mhz: 2600, Current Mhz: 2600, Mhz Limit: 2600
Processor Information for processor 17
  Max Mhz: 2600, Current Mhz: 1505, Mhz Limit: 2600
Processor Information for processor 18
  Max Mhz: 2600, Current Mhz: 1505, Mhz Limit: 2600
Processor Information for processor 19
  Max Mhz: 2600, Current Mhz: 1505, Mhz Limit: 2600

Memory: 4k page, system-wide physical 11995M (624M free)
TotalPageFile size 48859M (AvailPageFile size 2M)
current process WorkingSet (physical memory assigned to process): 749M, peak: 810M
current process commit charge ("private bytes"): 1021M, peak: 1060M

vm_info: OpenJDK 64-Bit Server VM (21.0.10+7-LTS) for windows-amd64 JRE (21.0.10+7-LTS), built on 2026-01-20T00:00:00Z by "admin" with MS VC++ 17.12 (VS2022)

END.
